891,1491,0.97170985,Fatigue|Sleep Disorders|Sleep Initiation and Maintenance Disorders,PMID: 35769674
891,656,0.95725065,plasma levels of liver enzymes,PMID: 23895155
891,2388,0.95611346,infantile hypophosphatasia,
891,3958,0.9553995,mean corpuscular hemoglobin,PMID: 20309798;PMID: 22032150
891,648,0.9549843,liver enzymes,PMID: 28056664
891,618,0.95483303,"Rhinitis, Allergic, Seasonal", PMID: 35850854 
891,2540,0.95419174,radiotherapy response,PMID: 33967762
891,2383,0.95412594,chondrocalcinosis,
891,2384,0.9539933,folate pathway vitamin levels,
891,11464,0.9523769,oral cancer; oral submucous fibrosis,PMID: 15339418
891,5340,0.95231,,
891,2387,0.9485974,,
891,12426,0.9474698,,
891,2382,0.94617355,,
891,7820,0.94559044,,
891,4048,0.9430598,,
891,1487,0.9426272,,
891,8497,0.9423618,,
891,2393,0.9418921,,
891,3453,0.9415787,,
891,2539,0.9410804,,
891,7800,0.9406142,,
891,6939,0.9398895,,
891,9932,0.9396105,,
891,7185,0.9393254,,
891,5319,0.9392467,,
891,7180,0.93892884,,
891,12984,0.93830425,,
891,7150,0.93804014,,
891,4797,0.9370972,,
891,8693,0.93688405,,
891,7160,0.9368761,,
891,956,0.9367357,,
891,2220,0.9365292,,
891,7149,0.93645555,,
891,1388,0.93587965,,
891,7110,0.935655,,
891,7135,0.935473,,
891,7105,0.93528336,,
891,1088,0.9352391,,
891,8477,0.934454,,
891,11474,0.93445265,,
891,7070,0.9338958,,
891,7029,0.93378043,,
891,2543,0.9335834,,
891,1301,0.9333971,,
891,7159,0.9333908,,
891,7100,0.9332621,,
891,7120,0.9328717,,
891,7819,0.9328692,,
891,1377,0.9328414,,
891,13,0.9326993,,
891,7044,0.9326225,,
891,8698,0.9324886,,
891,6905,0.93244207,,
891,951,0.9323742,,
891,7052,0.9322677,,
891,7119,0.9320442,,
891,6979,0.9319875,,
891,7109,0.9319143,,
891,45,0.9318793,,
891,7144,0.9317691,,
891,7155,0.93159753,,
891,11478,0.9315842,,
891,4171,0.9315646,,
891,7822,0.93155414,,
891,6969,0.9313836,,
891,8072,0.93124866,,
891,6954,0.9311869,,
891,7060,0.9311107,,
891,7019,0.93101597,,
891,7125,0.93094885,,
891,4593,0.9307112,,
891,5074,0.9304821,,
891,13844,0.930406,,
891,7065,0.9303412,,
891,7049,0.9302525,,
891,7002,0.93009365,,
891,7174,0.9300438,,
891,7636,0.9300376,,
891,950,0.9298152,,
891,4594,0.9298113,,
891,4595,0.92962205,,
891,6967,0.9295283,,
891,7179,0.92918754,,
891,8598,0.9291651,,
891,6952,0.9290758,,
891,7134,0.9289348,,
891,7148,0.9286941,,
891,11483,0.928654,,
891,7069,0.9286407,,
891,8656,0.9285955,,
891,6992,0.92851275,,
891,6997,0.92851275,,
891,12982,0.9284372,,
891,7040,0.92838264,,
891,4613,0.9283438,,
891,7566,0.92830163,,
891,7099,0.9282894,,
891,7145,0.9282757,,
891,6974,0.9282627,,
891,10572,0.92799467,,
891,12983,0.9279067,,
891,11481,0.92779,,
891,7054,0.92752844,,
891,6982,0.9275108,,
891,7137,0.9274973,,
891,7113,0.92744184,,
891,6964,0.9274352,,
891,11380,0.92740655,,
891,7821,0.9273369,,
891,7075,0.9273103,,
891,7077,0.92722577,,
891,6993,0.92720956,,
891,7074,0.92720664,,
891,11484,0.92710954,,
891,7048,0.92703754,,
891,6943,0.9270194,,
891,7083,0.92689824,,
891,7108,0.9267372,,
891,7042,0.9264769,,
891,7030,0.9264292,,
891,7022,0.9262066,,
891,7167,0.92604935,,
891,7045,0.92586035,,
891,6959,0.92584974,,
891,14730,0.9257547,,
891,6994,0.92568165,,
891,6958,0.92559403,,
891,6984,0.92550576,,
891,7032,0.92549753,,
891,7064,0.9254742,,
891,7811,0.9254665,,
891,13746,0.92545277,,
891,6986,0.92544854,,
891,548,0.9254464,,
891,2240,0.9254446,,
891,7172,0.92528045,,
891,7182,0.92510396,,
891,7038,0.92501277,,
891,7063,0.9249265,,
891,7178,0.9246754,,
891,7050,0.9246723,,
891,7008,0.9244699,,
891,7013,0.92446554,,
891,7088,0.9243822,,
891,7127,0.9243289,,
891,7097,0.92423147,,
891,2166,0.9241961,,
891,8439,0.9241883,,
891,6961,0.9241675,,
891,7114,0.9240901,,
891,7009,0.92388296,,
891,6978,0.9238726,,
891,964,0.9237946,,
891,7153,0.9237673,,
891,6953,0.92351615,,
891,6996,0.9234041,,
891,7004,0.92340195,,
891,12752,0.9232461,,
891,6937,0.9231129,,
891,7068,0.9229003,,
891,6945,0.9227812,,
891,7173,0.9225456,,
891,11480,0.9224549,,
891,6962,0.92239463,,
891,1759,0.9223894,,
891,7188,0.9222948,,
891,6968,0.92219716,,
891,7168,0.9220632,,
891,7005,0.92195576,,
891,6998,0.9217788,,
891,7169,0.92175156,,
891,836,0.92136824,,
891,6991,0.92120177,,
891,7091,0.9211775,,
891,6960,0.9210854,,
891,11445,0.9210804,,
891,7151,0.92102647,,
891,1303,0.9209826,,
891,940,0.9209001,,
891,728,0.9207598,,
891,13743,0.9207008,,
891,6995,0.9205958,,
891,1758,0.9205006,,
891,6907,0.92046666,,
891,948,0.92039514,,
891,11485,0.92027736,,
891,1342,0.9201334,,
891,1078,0.9201168,,
891,6990,0.9199733,,
891,6975,0.91970193,,
891,11456,0.91955465,,
891,11463,0.91950065,,
891,6970,0.9194764,,
891,11468,0.91934484,,
891,7078,0.9191704,,
891,11460,0.919135,,
891,933,0.91903937,,
891,6966,0.91865134,,
891,7047,0.9185998,,
891,7301,0.91852033,,
891,7062,0.91832834,,
891,1138,0.918021,,
891,7058,0.9179804,,
891,6971,0.9179799,,
891,3518,0.91775715,,
891,6940,0.91765493,,
891,6946,0.91754055,,
891,3204,0.9174012,,
891,11477,0.91718495,,
891,6950,0.9171136,,
891,1350,0.91706866,,
891,798,0.9170388,,
891,10960,0.9170071,,
891,6951,0.91698486,,
891,14729,0.91691726,,
891,11462,0.9168672,,
891,11329,0.91678226,,
891,895,0.9167537,,
891,7080,0.91659963,,
891,987,0.9163518,,
891,1372,0.9163239,,
891,811,0.91624326,,
891,5401,0.91623324,,
891,1353,0.9162175,,
891,7093,0.91621745,,
891,7107,0.91588295,,
891,7170,0.915853,,
891,1230,0.91579914,,
891,11469,0.91575146,,
891,11467,0.91573894,,
891,7087,0.915695,,
891,2743,0.9156009,,
891,831,0.9155106,,
891,7126,0.915345,,
891,853,0.91528034,,
891,1355,0.9151491,,
891,1288,0.9151247,,
891,1235,0.915052,,
891,2738,0.91488385,,
891,11471,0.9147668,,
891,7142,0.9147091,,
891,7122,0.9146729,,
891,7121,0.914538,,
891,11448,0.91429675,,
891,7161,0.91418177,,
891,7166,0.9141767,,
891,4532,0.9141676,,
891,1273,0.9141641,,
891,780,0.9140794,,
891,1082,0.913943,,
891,1193,0.91393363,,
891,7177,0.9139094,,
891,757,0.91390425,,
891,771,0.9138833,,
891,1097,0.9138576,,
891,625,0.91375715,,
891,994,0.91367364,,
891,5514,0.9135316,,
891,1003,0.91349614,,
891,7147,0.9134312,,
891,7056,0.9134282,,
891,1260,0.91335344,,
891,1289,0.9132943,,
891,624,0.9132806,,
891,7186,0.91327727,,
891,7026,0.91323465,,
891,1067,0.91322047,,
891,9027,0.9131949,,
891,7061,0.9130829,,
891,7152,0.91303617,,
891,11466,0.91302913,,
891,1102,0.91289157,,
891,1537,0.9128521,,
891,733,0.9128286,,
891,1188,0.91282463,,
891,1129,0.91264886,,
891,842,0.91264594,,
891,1280,0.912492,,
891,2748,0.91240025,,
891,7021,0.91239303,,
891,11470,0.9123231,,
891,738,0.9122761,,
891,795,0.9122662,,
891,731,0.912172,,
891,925,0.9119395,,
891,5515,0.91192913,,
891,832,0.9118949,,
891,7006,0.9118064,,
891,788,0.9117709,,
891,7096,0.911725,,
891,721,0.91158915,,
891,886,0.91150457,,
891,718,0.911429,,
891,7823,0.911368,,
891,7046,0.9112328,,
891,1358,0.9111119,,
891,1362,0.9109983,,
891,2016,0.91097987,,
891,7920,0.9109586,,
891,7141,0.9109215,,
891,1012,0.9108918,,
891,7131,0.9108864,,
891,835,0.91088253,,
891,996,0.9108778,,
891,997,0.91079754,,
891,4677,0.9107208,,
891,765,0.9106974,,
891,5138,0.9105508,,
891,1383,0.9105467,,
891,1448,0.9104884,,
891,1375,0.9104682,,
891,968,0.91045123,,
891,863,0.91036886,,
891,983,0.910368,,
891,1232,0.9103213,,
891,1029,0.91028005,,
891,1161,0.91019535,,
891,1991,0.9101122,,
891,1085,0.91007584,,
891,934,0.9099586,,
891,931,0.90992683,,
891,946,0.9099009,,
891,11510,0.9097938,,
891,991,0.9097384,,
891,1326,0.90973526,,
891,4567,0.9096397,,
891,977,0.90955406,,
891,992,0.90949047,,
891,1349,0.9094339,,
891,1310,0.9093889,,
891,936,0.9093299,,
891,802,0.90932053,,
891,965,0.9092266,,
891,1038,0.90920573,,
891,1210,0.90919715,,
891,1337,0.90918607,,
891,866,0.9091656,,
891,761,0.90915877,,
891,7171,0.9091251,,
891,1089,0.9090682,,
891,7116,0.9090107,,
891,756,0.9089935,,
891,786,0.9089424,,
891,856,0.90892565,,
891,890,0.9088882,,
891,7001,0.90885997,,
891,943,0.9088543,,
891,800,0.90883756,,
891,11331,0.9087737,,
891,7430,0.9087401,,
891,7101,0.90868473,,
891,1386,0.9084858,,
891,1173,0.90848464,,
891,723,0.9084034,,
891,1262,0.90837044,,
891,909,0.90828985,,
891,2017,0.9082798,,
891,776,0.9082758,,
891,1304,0.90827376,,
891,7136,0.9082695,,
891,11444,0.9082598,,
891,7036,0.908164,,
891,844,0.90811443,,
891,7011,0.90806365,,
891,1123,0.9078925,,
891,745,0.90788776,,
891,773,0.9078501,,
891,1047,0.9077796,,
891,911,0.90774405,,
891,974,0.9077298,,
891,1100,0.9077184,,
891,11246,0.9077157,,
891,1226,0.9076926,,
891,891,0.90755135,,
891,888,0.90741915,,
891,969,0.9073241,,
891,2733,0.9073176,,
891,1279,0.9071186,,
891,1318,0.90703124,,
891,1075,0.9070165,,
891,1169,0.9069871,,
891,1015,0.9069559,,
891,962,0.9069481,,
891,1271,0.90694493,,
891,1356,0.9069419,,
891,1178,0.9068552,,
891,1296,0.90677536,,
891,7066,0.9067306,,
891,1092,0.9066575,,
891,1030,0.9065894,,
891,939,0.9065774,,
891,1014,0.90655714,,
891,1136,0.90654254,,
891,1093,0.90649986,,
891,11314,0.9063616,,
891,1211,0.9063525,,
891,820,0.9062201,,
891,790,0.90618473,,
891,1218,0.90618324,,
891,1259,0.9061333,,
891,1033,0.9061326,,
891,3783,0.9060993,,
891,1063,0.90608555,,
891,722,0.906069,,
891,11452,0.9060288,,
891,1018,0.9060199,,
891,13622,0.9060062,,
891,1059,0.9059761,,
891,1017,0.9059706,,
891,1171,0.90583736,,
891,1256,0.9057777,,
891,924,0.90576303,,
891,859,0.9057124,,
891,857,0.9056463,,
891,1332,0.90561914,,
891,1068,0.90559703,,
891,1013,0.905588,,
891,1258,0.90556204,,
891,944,0.90553707,,
891,760,0.90550977,,
891,885,0.9054781,,
891,782,0.9054638,,
891,1351,0.90538394,,
891,1021,0.9053634,,
891,1072,0.90530694,,
891,1472,0.90527105,,
891,1222,0.90526193,,
891,1022,0.90525794,,
891,1761,0.90522397,,
891,1077,0.90506816,,
891,1714,0.90504605,,
891,927,0.9048599,,
891,984,0.9047847,,
891,1008,0.90477574,,
891,739,0.9047463,,
891,768,0.9047155,,
891,766,0.90465194,,
891,973,0.90454394,,
891,1133,0.904541,,
891,981,0.9044665,,
891,954,0.904437,,
891,1058,0.90439314,,
891,4664,0.90430176,,
891,10394,0.90419775,,
891,892,0.90413445,,
891,2427,0.9040845,,
891,1182,0.9040818,,
891,1002,0.9040497,,
891,5375,0.904036,,
891,12754,0.90392345,,
891,819,0.9038644,,
891,1041,0.9037964,,
891,7929,0.90378267,,
891,1140,0.9037075,,
891,840,0.90359193,,
891,1127,0.9035824,,
891,1346,0.90349054,,
891,1149,0.90335876,,
891,1275,0.90325665,,
891,1043,0.9031066,,
891,822,0.90307665,,
891,1132,0.9028801,,
891,1255,0.90281266,,
891,1065,0.9027907,,
891,1294,0.90277404,,
891,1036,0.9027538,,
891,1172,0.902737,,
891,1056,0.9027338,,
891,882,0.9026148,,
891,763,0.9025594,,
891,1374,0.9024614,,
891,884,0.9023597,,
891,10228,0.9023386,,
891,616,0.9023109,,
891,1313,0.90219975,,
891,1224,0.90217096,,
891,1200,0.9020291,,
891,1335,0.9019981,,
891,503,0.90197694,,
891,1679,0.9017694,,
891,1114,0.90171075,,
891,789,0.90167886,,
891,767,0.9016458,,
891,958,0.90157807,,
891,7796,0.901511,,
891,902,0.9014659,,
891,855,0.90137726,,
891,945,0.90135145,,
891,744,0.9012886,,
891,952,0.9012352,,
891,1185,0.9011719,,
891,1735,0.90113485,,
891,980,0.90099186,,
891,801,0.90091324,,
891,785,0.90086323,,
891,12753,0.9008531,,
891,1159,0.9007352,,
891,1684,0.90068465,,
891,1199,0.9005668,,
891,1001,0.90047944,,
891,1329,0.9000135,,
891,1142,0.8999142,,
891,905,0.899878,,
891,1042,0.89976305,,
891,7917,0.89966464,,
891,754,0.89964515,,
891,1115,0.89960235,,
891,1174,0.8995783,,
891,1385,0.8993619,,
891,6721,0.8993276,,
891,957,0.8990796,,
891,1237,0.8990556,,
891,1750,0.89905375,,
891,720,0.8987909,,
891,1989,0.89870113,,
891,764,0.8985874,,
891,735,0.89849424,,
891,13627,0.89845616,,
891,1315,0.898387,,
891,839,0.898335,,
891,1390,0.89829516,,
891,12954,0.89820385,,
891,1742,0.8981673,,
891,5385,0.8981588,,
891,13040,0.8980985,,
891,5444,0.89809376,,
891,784,0.89806384,,
891,1180,0.8978482,,
891,6660,0.8978327,,
891,1027,0.8976738,,
891,937,0.89767,,
891,1381,0.8973716,,
891,730,0.89710486,,
891,1269,0.89709866,,
891,10477,0.8970953,,
891,896,0.89706814,,
891,1771,0.89701986,,
891,724,0.8969648,,
891,485,0.89689773,,
891,1076,0.89682156,,
891,736,0.89672124,,
891,1104,0.8966426,,
891,1741,0.89660865,,
891,861,0.89644074,,
891,1360,0.89618826,,
891,13853,0.8961833,,
891,815,0.89609426,,
891,13848,0.89551336,,
891,862,0.8954384,,
891,1327,0.8952834,,
891,1724,0.89525473,,
891,719,0.89514786,,
891,830,0.895076,,
891,3405,0.8950012,,
891,5090,0.894959,,
891,13858,0.89486545,,
891,769,0.89460796,,
891,1086,0.8942014,,
891,7788,0.894092,,
891,13889,0.8938576,,
891,5377,0.8936818,,
891,1768,0.8935723,,
891,1006,0.8935619,,
891,725,0.89343673,,
891,961,0.89323586,,
891,1682,0.8931127,,
891,500,0.8928668,,
891,13879,0.892418,,
891,13869,0.892372,,
891,1164,0.89231753,,
891,486,0.8921715,,
891,1719,0.89208585,,
891,5480,0.89194983,,
891,9971,0.89182234,,
891,1760,0.89158964,,
891,4939,0.8914388,,
891,2237,0.8910561,,
891,7572,0.89095736,,
891,1985,0.8906586,,
891,4620,0.89039505,,
891,1683,0.8903061,,
891,13898,0.89009774,,
891,13894,0.88993365,,
891,8863,0.8898348,,
891,13893,0.8897903,,
891,13884,0.88968414,,
891,6615,0.8896706,,
891,13864,0.8895367,,
891,13899,0.88947994,,
891,8177,0.8893549,,
891,1011,0.8893488,,
891,5334,0.8891694,,
891,551,0.8891614,,
891,13874,0.8889964,,
891,5376,0.8889489,,
891,13847,0.8884309,,
891,7794,0.88806134,,
891,8609,0.8880332,,
891,7311,0.887957,,
891,1705,0.8878225,,
891,7331,0.8871925,,
891,1722,0.88640714,,
891,7925,0.8863807,,
891,11082,0.88633835,,
891,5049,0.8861998,,
891,1678,0.886081,,
891,702,0.8860657,,
891,7921,0.88582504,,
891,5516,0.8856932,,
891,3947,0.88535094,,
891,3413,0.8849907,,
891,2737,0.88488686,,
891,13857,0.88455814,,
891,2759,0.88449436,,
891,3356,0.8844623,,
891,7919,0.8843409,,
891,11945,0.8839214,,
891,13903,0.88380516,,
891,13859,0.88375425,,
891,2742,0.883659,,
891,13862,0.883557,,
891,1743,0.8834866,,
891,13849,0.8834862,,
891,6262,0.88337266,,
891,13876,0.8830865,,
891,13856,0.88307565,,
891,12676,0.8829355,,
891,1716,0.88287723,,
891,7906,0.8828004,,
891,13861,0.88272667,,
891,13850,0.88269526,,
891,9394,0.8825784,,
891,5339,0.88240284,,
891,13854,0.88232726,,
891,7923,0.88226736,,
891,1693,0.88207215,,
891,7924,0.8818836,,
891,13846,0.8818657,,
891,7307,0.88169414,,
891,13851,0.881668,,
891,13887,0.88149685,,
891,5826,0.88146716,,
891,13867,0.8813213,,
891,13883,0.8811876,,
891,13886,0.8809692,,
891,13865,0.8809631,,
891,13881,0.8804715,,
891,12647,0.88011646,,
891,1725,0.8799523,,
891,14531,0.87985915,,
891,12081,0.87968177,,
891,824,0.8795198,,
891,1690,0.8795005,,
891,12401,0.8795005,,
891,5096,0.87927324,,
891,13866,0.8790404,,
891,13852,0.8790281,,
891,13882,0.8790212,,
891,4252,0.87889415,,
891,5615,0.87863,,
891,13872,0.8785306,,
891,1699,0.878441,,
891,13744,0.87836367,,
891,1717,0.8783393,,
891,13230,0.8782494,,
891,3727,0.8779605,,
891,2241,0.87783486,,
891,2747,0.87758636,,
891,13880,0.87752056,,
891,13870,0.8774767,,
891,7791,0.8774569,,
891,8431,0.8773399,,
891,7329,0.87731093,,
891,13875,0.8772407,,
891,13892,0.8771657,,
891,13878,0.87714773,,
891,13885,0.87700784,,
891,8432,0.87699956,,
891,12648,0.876984,,
891,13873,0.8769091,,
891,13871,0.8767925,,
891,4904,0.87658584,,
891,13888,0.87612444,,
891,8769,0.87609446,,
891,7324,0.87602425,,
891,5350,0.8759608,,
891,7323,0.87582856,,
891,3908,0.875641,,
891,13900,0.8756084,,
891,7334,0.875462,,
891,1700,0.8754002,,
891,4945,0.87512374,,
891,13897,0.8751171,,
891,13877,0.87508345,,
891,1689,0.875076,,
891,13890,0.8750572,,
891,7927,0.874781,,
891,7333,0.8745853,,
891,10436,0.8744743,,
891,12510,0.8743353,,
891,5360,0.87427384,,
891,12995,0.87427235,,
891,13895,0.8742384,,
891,596,0.87412596,,
891,13868,0.87410027,,
891,7318,0.873999,,
891,5355,0.87365234,,
891,7270,0.8734672,,
891,13745,0.87333894,,
891,2762,0.873038,,
891,2760,0.872432,,
891,1702,0.87231076,,
891,2757,0.8715108,,
891,3446,0.871343,,
891,3451,0.871165,,
891,13845,0.8710213,,
891,3777,0.8709455,,
891,7328,0.87089217,,
891,1695,0.87086743,,
891,5610,0.87074614,,
891,2411,0.8706243,,
891,13748,0.87038577,,
891,2392,0.8698689,,
891,12505,0.86975294,,
891,7281,0.86958027,,
891,2734,0.8695125,,
891,12646,0.8694527,,
891,1701,0.8687231,,
891,7264,0.8686873,,
891,13747,0.8684222,,
891,7312,0.86831266,,
891,5620,0.8682637,,
891,13855,0.86805576,,
891,7288,0.86797637,,
891,1720,0.8677122,,
891,1715,0.86765975,,
891,9113,0.86765337,,
891,587,0.86745644,,
891,5604,0.8674376,,
891,1698,0.8669695,,
891,13896,0.86689776,,
891,5361,0.8668606,,
891,593,0.86660594,,
891,13901,0.8663924,,
891,13860,0.86622643,,
891,9512,0.86619025,,
891,10185,0.8660778,,
891,7293,0.86606175,,
891,1730,0.86601967,,
891,5320,0.8659398,,
891,5356,0.8658478,,
891,5612,0.86571217,,
891,4181,0.8656064,,
891,4526,0.8655238,,
891,7215,0.8654811,,
891,12082,0.8654504,,
891,5337,0.8654469,,
891,13742,0.8652878,,
891,2744,0.86523306,,
891,1680,0.865102,,
891,7291,0.8647871,,
891,10182,0.8646808,,
891,7319,0.86454946,,
891,1403,0.86445946,,
891,7918,0.8644544,,
891,12655,0.8644401,,
891,5333,0.8641689,,
891,5626,0.86405236,,
891,4465,0.8640126,,
891,9040,0.86375326,,
891,5618,0.8637103,,
891,5325,0.86366946,,
891,5348,0.86330557,,
891,13837,0.8632438,,
891,7259,0.8632148,,
891,6203,0.8631855,,
891,7253,0.86292505,,
891,3728,0.862627,,
891,5326,0.86248994,,
891,5359,0.8624835,,
891,2763,0.86243063,,
891,2469,0.8624305,,
891,1688,0.86242807,,
891,7299,0.862362,,
891,5576,0.86221695,,
891,5601,0.8621351,,
891,586,0.86201817,,
891,7926,0.8619051,,
891,605,0.8618786,,
891,7828,0.86178684,,
891,7315,0.8614963,,
891,2749,0.86100364,,
891,10463,0.86074436,,
891,5323,0.8603295,,
891,5357,0.8602285,,
891,704,0.86006844,,
891,2739,0.8598053,,
891,13293,0.8597419,,
891,5329,0.85936874,,
891,5603,0.859201,,
891,1691,0.8591838,,
891,7321,0.8591354,,
891,4011,0.8590729,,
891,9939,0.85900426,,
891,3709,0.85892814,,
891,2746,0.8588121,,
891,7220,0.8587736,,
891,3328,0.8586673,,
891,5344,0.85833514,,
891,10925,0.8583276,,
891,5602,0.8582445,,
891,5621,0.8582175,,
891,5354,0.8580629,,
891,7275,0.8577557,,
891,5579,0.85744673,,
891,7276,0.85742277,,
891,5575,0.8571893,,
891,595,0.8571348,,
891,9938,0.8571308,,
891,5606,0.85700744,,
891,600,0.85687935,,
891,7316,0.85681105,,
891,602,0.85677093,,
891,2756,0.8567096,,
891,5321,0.8567038,,
891,3321,0.8566739,,
891,2735,0.85637516,,
891,4918,0.8561434,,
891,1736,0.8561137,,
891,2216,0.8558129,,
891,10183,0.85565996,,
891,7704,0.8555588,,
891,7225,0.85511506,,
891,5611,0.8549025,,
891,2206,0.8547874,,
891,1711,0.8546821,,
891,5324,0.8543757,,
891,2750,0.85397565,,
891,13628,0.85356647,,
891,5290,0.85339755,,
891,3348,0.8532359,,
891,7205,0.85320115,,
891,6322,0.85319734,,
891,10930,0.85314393,,
891,2164,0.8530158,,
891,7200,0.8525918,,
891,2745,0.8523242,,
891,8954,0.8523196,,
891,7915,0.85214096,,
891,10184,0.8520101,,
891,5607,0.85200715,,
891,589,0.85185087,,
891,7317,0.8516877,,
891,2160,0.8516628,,
891,7242,0.8515656,,
891,1694,0.85156494,,
891,13290,0.85146976,,
891,5328,0.8513921,,
891,11081,0.85138845,,
891,5342,0.8513785,,
891,9696,0.851173,,
891,5358,0.85104686,,
891,13000,0.85064685,,
891,5346,0.8506346,,
891,13621,0.8503475,,
891,7195,0.8502075,,
891,2758,0.85016716,,
891,5330,0.85007674,,
891,10950,0.8500065,,
891,7305,0.84978724,,
891,7320,0.84976614,,
891,10673,0.8494989,,
891,5623,0.8492657,,
891,5352,0.8492383,,
891,5347,0.84922177,,
891,12656,0.8491519,,
891,10955,0.8490975,,
891,7282,0.8490827,,
891,7231,0.84899896,,
891,10935,0.84877545,,
891,1498,0.8482231,,
891,7284,0.8478684,,
891,7304,0.8477573,,
891,12459,0.8476042,,
891,7210,0.84701926,,
891,1681,0.84684354,,
891,7322,0.8466451,,
891,10924,0.8465426,,
891,2740,0.84649867,,
891,14803,0.8464638,,
891,13292,0.84615135,,
891,7237,0.8461421,,
891,4920,0.8460104,,
891,7297,0.8457726,,
891,12996,0.84576035,,
891,2741,0.8456502,,
891,7295,0.8453794,,
891,3371,0.8451983,,
891,10958,0.8451791,,
891,5625,0.8448211,,
891,4470,0.8444434,,
891,1696,0.8444384,,
891,7194,0.8443606,,
891,9378,0.8443595,,
891,5614,0.8442918,,
891,11476,0.84419906,,
891,7274,0.8441382,,
891,7236,0.84353507,,
891,10954,0.84353113,,
891,5624,0.84288305,,
891,591,0.8426157,,
891,5627,0.84256524,,
891,7204,0.84233326,,
891,7902,0.84222543,,
891,7199,0.8418659,,
891,7256,0.8418566,,
891,3473,0.84182304,,
891,9711,0.84175175,,
891,2464,0.841732,,
891,11507,0.84126705,,
891,7232,0.8411226,,
891,12506,0.84111655,,
891,2736,0.8404929,,
891,6059,0.84039974,,
891,7279,0.8402273,,
891,5609,0.8399587,,
891,7227,0.8396839,,
891,5341,0.8393868,,
891,11080,0.8393163,,
891,7211,0.8388121,,
891,7247,0.83826804,,
891,3745,0.8382401,,
891,12507,0.83808047,,
891,5605,0.83800864,,
891,10959,0.8380079,,
891,7248,0.83759993,,
891,12997,0.83745414,,
891,7229,0.83744925,,
891,3880,0.8374293,,
891,10936,0.8374276,,
891,13644,0.83740133,,
891,10953,0.83712655,,
891,1563,0.8369589,,
891,5619,0.83671206,,
891,6671,0.836652,,
891,14172,0.8359989,,
891,7290,0.83584905,,
891,7268,0.8356376,,
891,628,0.8355601,,
891,7285,0.8353832,,
891,7327,0.8353191,,
891,2730,0.83529484,,
891,3708,0.8351996,,
891,7308,0.8349608,,
891,2157,0.83493024,,
891,9709,0.83414996,,
891,12999,0.8341016,,
891,7212,0.83401173,,
891,2162,0.83399075,,
891,3437,0.833905,,
891,7332,0.8329917,,
891,7261,0.8328878,,
891,5613,0.83286947,,
891,3460,0.83274764,,
891,4617,0.83240616,,
891,4074,0.83227783,,
891,2463,0.83209634,,
891,10551,0.8318242,,
891,12998,0.8316632,,
891,7277,0.8315911,,
891,7280,0.8314128,,
891,7272,0.8313578,,
891,7213,0.83107424,,
891,7255,0.83077157,,
891,4076,0.830599,,
891,9372,0.8304921,,
891,1718,0.8298887,,
891,7201,0.8298682,,
891,7252,0.8297019,,
891,4010,0.8296742,,
891,1723,0.8293351,,
891,10928,0.8291832,,
891,7250,0.82895726,,
891,4681,0.8286775,,
891,7249,0.8286518,,
891,7234,0.8284718,,
891,4675,0.82835275,,
891,10956,0.8283429,,
891,5338,0.8279983,,
891,7214,0.82773197,,
891,9707,0.82762,,
891,10961,0.8273111,,
891,7263,0.8272272,,
891,7208,0.8267451,,
891,10923,0.8266256,,
891,5578,0.8265269,,
891,7246,0.82597697,,
891,2156,0.82591224,,
891,9710,0.8258285,,
891,2731,0.82578915,,
891,10951,0.82571876,,
891,10934,0.82554615,,
891,10933,0.8253971,,
891,1773,0.8249475,,
891,7207,0.824576,,
891,7235,0.824395,,
891,4674,0.8243783,,
891,7309,0.8243327,,
891,12461,0.82399344,,
891,7223,0.82387125,,
891,10952,0.8238067,,
891,7218,0.823715,,
891,9712,0.8235744,,
891,7818,0.823401,,
891,3435,0.8233996,,
891,7266,0.8232482,,
891,5617,0.8232217,,
891,12425,0.82319355,,
891,3445,0.82314813,,
891,7245,0.8231002,,
891,10929,0.82309717,,
891,7257,0.8219482,,
891,10957,0.82174474,,
891,13291,0.82121927,,
891,3452,0.8209092,,
891,7267,0.82074517,,
891,3438,0.8201749,,
891,4627,0.8201034,,
891,7233,0.81979597,,
891,7224,0.8197309,,
891,7196,0.8195892,,
891,2009,0.8195598,,
891,7217,0.8195192,,
891,13253,0.8191846,,
891,7262,0.8186345,,
891,3360,0.8186013,,
891,3450,0.81844616,,
891,11895,0.8183912,,
891,12460,0.8182231,,
891,3458,0.81815594,,
891,12640,0.8178082,,
891,3459,0.81775016,,
891,12509,0.81761783,,
891,4009,0.81754553,,
891,3434,0.81722915,,
891,7193,0.8168983,,
891,2158,0.81688684,,
891,7216,0.8165565,,
891,7198,0.81632304,,
891,7230,0.8160634,,
891,7813,0.8157314,,
891,7254,0.8156551,,
891,4679,0.81542367,,
891,7330,0.815333,,
891,7197,0.8145043,,
891,12300,0.81437284,,
891,7203,0.813795,,
891,3440,0.81369156,,
891,7310,0.81285757,,
891,12612,0.81276065,,
891,14495,0.81268525,,
891,3981,0.81247914,,
891,2204,0.81217504,,
891,7192,0.8120962,,
891,9379,0.81207925,,
891,7803,0.81202537,,
891,7240,0.8119877,,
891,3449,0.81179875,,
891,7815,0.8116348,,
891,7219,0.81147116,,
891,13256,0.81144905,,
891,546,0.8112705,,
891,4908,0.81082773,,
891,11248,0.81061506,,
891,7793,0.81057656,,
891,13258,0.8104471,,
891,4656,0.8104027,,
891,2446,0.8104011,,
891,7795,0.8101493,,
891,1731,0.80961365,,
891,1558,0.8090382,,
891,7209,0.80874014,,
891,14514,0.80856866,,
891,14525,0.80782604,,
891,7202,0.80778974,,
891,9390,0.8076656,,
891,14508,0.8076079,,
891,7798,0.8073848,,
891,2163,0.8070177,,
891,7260,0.8066183,,
891,8090,0.8064642,,
891,14503,0.8064323,,
891,4075,0.80561703,,
891,7960,0.8055447,,
891,11896,0.80546254,,
891,12329,0.8043627,,
891,7808,0.804033,,
891,14515,0.8038898,,
891,10254,0.8038643,,
891,12301,0.8038398,,
891,14518,0.80371356,,
891,14498,0.8036468,,
891,7300,0.80363464,,
891,13257,0.80336607,,
891,7810,0.8032132,,
891,5847,0.8031982,,
891,7292,0.8028418,,
891,14501,0.8027281,,
891,10931,0.802711,,
891,621,0.8026403,,
891,14493,0.8025935,,
891,7672,0.8024466,,
891,5842,0.80212855,,
891,10926,0.8018288,,
891,14496,0.8017092,,
891,1778,0.8015371,,
891,7278,0.8011668,,
891,7805,0.8010897,,
891,7799,0.8010688,,
891,7824,0.8004545,,
891,6656,0.8000697,,
891,7239,0.80006814,,
891,3456,0.80001354,,
891,7855,0.79979724,,
891,14520,0.79931766,,
891,14516,0.7992334,,
891,14509,0.79896814,,
891,7802,0.7989415,,
891,7271,0.79884195,,
891,14492,0.7987105,,
891,520,0.7986607,,
891,10553,0.7984584,,
891,14533,0.79843146,,
891,7283,0.79827285,,
891,14504,0.79821426,,
891,12508,0.79774207,,
891,12299,0.7976366,,
891,14526,0.7975823,,
891,7294,0.7972762,,
891,14507,0.7970632,,
891,1511,0.79692656,,
891,14502,0.79686177,,
891,14497,0.796784,,
891,5841,0.79669434,,
891,7228,0.79668254,,
891,2021,0.79663074,,
891,1993,0.7966161,,
891,623,0.7965612,,
891,14522,0.79654616,,
891,7222,0.7964242,,
891,14505,0.7963276,,
891,14523,0.7961667,,
891,7265,0.7960287,,
891,7804,0.7960059,,
891,4654,0.79577607,,
891,5844,0.7957085,,
891,9086,0.7955484,,
891,7797,0.7952008,,
891,14510,0.7947799,,
891,7812,0.7943479,,
891,7287,0.79412264,,
891,13838,0.7933871,,
891,14524,0.793382,,
891,13718,0.79333687,,
891,7801,0.7931354,,
891,7817,0.7931016,,
891,14506,0.79298013,,
891,14517,0.7926884,,
891,1984,0.7923041,,
891,7814,0.7922979,,
891,7289,0.792192,,
891,14499,0.7921799,,
891,6757,0.7920746,,
891,661,0.7916407,,
891,12424,0.7914593,,
891,14494,0.7912915,,
891,7809,0.79128563,,
891,3975,0.79124534,,
891,12605,0.7910701,,
891,9334,0.79101354,,
891,5371,0.7899669,,
891,1983,0.7899397,,
891,7816,0.78976536,,
891,7806,0.7897122,,
891,13260,0.78948694,,
891,1988,0.78945875,,
891,5846,0.78895193,,
891,11475,0.7882945,,
891,13043,0.787337,,
891,10927,0.7872544,,
891,2019,0.7870727,,
891,9387,0.78672415,,
891,9893,0.78650856,,
891,10658,0.7862423,,
891,3436,0.7859974,,
891,2003,0.7857098,,
891,13255,0.78547657,,
891,4336,0.7848853,,
891,3333,0.78474784,,
891,5823,0.784694,,
891,7645,0.783961,,
891,5840,0.7837299,,
891,9335,0.7827798,,
891,5828,0.78242147,,
891,10932,0.78241193,,
891,1986,0.7818122,,
891,6044,0.78109336,,
891,9708,0.78020465,,
891,7859,0.7796138,,
891,9895,0.7793889,,
891,5822,0.77924496,,
891,9896,0.77920437,,
891,8762,0.7791229,,
891,3944,0.77888364,,
891,2000,0.7777414,,
891,9901,0.7777082,,
891,6245,0.77710843,,
891,5834,0.77708966,,
891,13254,0.77699685,,
891,7899,0.7766473,,
891,8437,0.7763238,,
891,9909,0.7763039,,
891,9912,0.77611977,,
891,4661,0.77607244,,
891,4218,0.7756518,,
891,5833,0.7754633,,
891,5845,0.7754291,,
891,2026,0.7754259,,
891,12613,0.7751349,,
891,13259,0.7747172,,
891,10653,0.7741201,,
891,9914,0.77407664,,
891,2165,0.773732,,
891,4616,0.7737016,,
891,14530,0.77329385,,
891,9906,0.77298796,,
891,9899,0.7729828,,
891,4652,0.7728801,,
891,8165,0.77287155,,
891,12614,0.77271074,,
891,1999,0.77238256,,
891,9904,0.7721467,,
891,9513,0.7716114,,
891,552,0.7716012,,
891,9373,0.77159655,,
891,10206,0.7714109,,
891,9897,0.77129716,,
891,3985,0.7707511,,
891,536,0.7702602,,
891,9907,0.76927316,,
891,3560,0.7691597,,
891,11145,0.768945,,
891,14540,0.76889163,,
891,2007,0.76821536,,
891,9344,0.7677338,,
891,10224,0.7673721,,
891,5824,0.7672878,,
891,2027,0.7670667,,
891,10234,0.7665734,,
891,14547,0.7665555,,
891,14545,0.7665185,,
891,9902,0.7663505,,
891,9898,0.7657338,,
891,10937,0.7656684,,
891,5839,0.7650768,,
891,14543,0.7649196,,
891,8522,0.7646333,,
891,1490,0.7644466,,
891,1998,0.7641912,,
891,10671,0.76311815,,
891,4000,0.76306564,,
891,9903,0.76305693,,
891,10229,0.7627752,,
891,7603,0.76270765,,
891,7882,0.7625228,,
891,3788,0.7624438,,
891,5830,0.76235664,,
891,10656,0.7621573,,
891,5485,0.76203346,,
891,10216,0.7618576,,
891,9332,0.7618508,,
891,8475,0.7615288,,
891,8485,0.76122695,,
891,8946,0.7611954,,
891,5499,0.76094747,,
891,7858,0.76084244,,
891,8464,0.76081115,,
891,9905,0.76023823,,
891,10211,0.75976133,,
891,7973,0.75893354,,
891,8495,0.7587403,,
891,8480,0.7580377,,
891,4614,0.75793153,,
891,7996,0.7577887,,
891,10221,0.7574998,,
891,9908,0.757155,,
891,9900,0.7567155,,
891,14546,0.7565394,,
891,7898,0.75618976,,
891,12654,0.7560842,,
891,8500,0.75597703,,
891,1994,0.7556044,,
891,9922,0.7554441,,
891,2217,0.75517416,,
891,8504,0.7551169,,
891,8010,0.7548238,,
891,8490,0.7546223,,
891,10215,0.7545759,,
891,8454,0.75442237,,
891,13176,0.7543794,,
891,5423,0.75400615,,
891,7901,0.7538125,,
891,5821,0.75325483,,
891,10210,0.7530708,,
891,11488,0.7524178,,
891,10236,0.7522119,,
891,6333,0.75206417,,
891,13174,0.75180304,,
891,5831,0.75149864,,
891,1990,0.75076854,,
891,3599,0.7507509,,
891,2001,0.75046957,,
891,1992,0.75041133,,
891,9336,0.75025946,,
891,9910,0.7502591,,
891,4717,0.7500107,,
891,11411,0.74997175,,
891,14541,0.74976313,,
891,9931,0.74957484,,
891,13736,0.7492549,,
891,9926,0.7491237,,
891,10663,0.74870306,,
891,14170,0.74868155,,
891,9894,0.7484109,,
891,7893,0.74754584,,
891,8831,0.74732107,,
891,10214,0.74722034,,
891,14369,0.74680173,,
891,3591,0.7465136,,
891,5520,0.7464369,,
891,8474,0.7462869,,
891,9930,0.7462726,,
891,8913,0.74614644,,
891,9913,0.74590755,,
891,7900,0.74566334,,
891,7600,0.74517834,,
891,4926,0.7451002,,
891,8505,0.7449793,,
891,37,0.74486375,,
891,4901,0.74462104,,
891,10205,0.7445265,,
891,7601,0.74370867,,
891,14368,0.74307126,,
891,7896,0.74265575,,
891,8753,0.7421868,,
891,3538,0.7421377,,
891,12951,0.74202037,,
891,14363,0.7412588,,
891,3883,0.74087864,,
891,10231,0.7405957,,
891,6327,0.7405274,,
891,4615,0.74013174,,
891,10207,0.7397838,,
891,9942,0.739752,,
891,9921,0.73972785,,
891,8462,0.73961014,,
891,8150,0.7395515,,
891,8481,0.7393257,,
891,11501,0.7392405,,
891,7894,0.73909986,,
891,3430,0.7390658,,
891,14542,0.7387634,,
891,10235,0.7385481,,
891,12873,0.7382783,,
891,8498,0.738076,,
891,11491,0.7371523,,
891,10208,0.7371514,,
891,10233,0.73631823,,
891,2020,0.73629355,,
891,7897,0.736252,,
891,12104,0.73559916,,
891,10217,0.7354549,,
891,14171,0.735371,,
891,13738,0.7353071,,
891,8494,0.7352385,,
891,544,0.7349918,,
891,10652,0.73470557,,
891,4707,0.7346281,,
891,8484,0.734298,,
891,14544,0.734271,,
891,10225,0.73405504,,
891,10226,0.7334138,,
891,3597,0.7333061,,
891,10219,0.7332391,,
891,3592,0.7332087,,
891,8492,0.7330627,,
891,14359,0.7328278,,
891,10230,0.73280716,,
891,8479,0.73275363,,
891,14364,0.73272896,,
891,8076,0.7325848,,
891,4137,0.7325686,,
891,14169,0.7325164,,
891,12893,0.73205405,,
891,8496,0.7320075,,
891,10212,0.73198867,,
891,12416,0.7317474,,
891,7936,0.73150843,,
891,7895,0.73140955,,
891,13735,0.73037976,,
891,8489,0.73027724,,
891,10238,0.7297874,,
891,10662,0.7297155,,
891,7866,0.72952664,,
891,6287,0.72929734,,
891,1526,0.7290569,,
891,3931,0.72868055,,
891,10213,0.72862583,,
891,8482,0.72857016,,
891,7454,0.7283876,,
891,7892,0.7282063,,
891,2014,0.7279053,,
891,8085,0.7274772,,
891,10613,0.7269693,,
891,10585,0.72664607,,
891,10218,0.7265757,,
891,5781,0.7265124,,
891,4896,0.72582436,,
891,5817,0.7250881,,
891,8487,0.72497076,,
891,10657,0.72474074,,
891,8493,0.72449064,,
891,5409,0.7243357,,
891,4899,0.7243172,,
891,14367,0.72399384,,
891,13215,0.7237708,,
891,10660,0.7231825,,
891,2043,0.7231365,,
891,3826,0.72251767,,
891,13213,0.7223758,,
891,8483,0.72231454,,
891,6321,0.7220854,,
891,10666,0.7220793,,
891,8499,0.72183293,,
891,8478,0.72167873,,
891,2025,0.721431,,
891,7914,0.7210955,,
891,8486,0.7210478,,
891,13737,0.72093505,,
891,7834,0.7208538,,
891,10603,0.71973777,,
891,7857,0.7193209,,
891,3710,0.71884835,,
891,8488,0.71875525,,
891,8491,0.71859676,,
891,7840,0.7185552,,
891,9455,0.7185501,,
891,10672,0.7183074,,
891,11496,0.718191,,
891,10237,0.71780807,,
891,11490,0.7176356,,
891,13836,0.71729076,,
891,8461,0.71702,,
891,10232,0.71686244,,
891,3540,0.7168402,,
891,10222,0.7159482,,
891,14179,0.715942,,
891,6325,0.71573037,,
891,13711,0.7152479,,
891,13218,0.714659,,
891,11495,0.71445423,,
891,8472,0.7143759,,
891,12881,0.71434116,,
891,11505,0.7140194,,
891,13709,0.7137285,,
891,10227,0.71362317,,
891,10648,0.7135197,,
891,8083,0.71326333,,
891,4900,0.71294343,,
891,6924,0.7129223,,
891,10459,0.7127236,,
891,8737,0.71247125,,
891,9929,0.71206605,,
891,13228,0.71205586,,
891,5580,0.7115937,,
891,7598,0.7115658,,
891,3336,0.7112653,,
891,7839,0.7110635,,
891,8473,0.7107987,,
891,13224,0.71071553,,
891,8501,0.71056235,,
891,13223,0.71048784,,
891,7868,0.7100688,,
891,5814,0.7100252,,
891,2721,0.7098966,,
891,13038,0.7095757,,
891,7597,0.7094055,,
891,12615,0.70888615,,
891,6492,0.7086191,,
891,8089,0.70837885,,
891,5587,0.70835894,,
891,11494,0.7083531,,
891,8466,0.70783794,,
891,8518,0.707751,,
891,14362,0.70763683,,
891,13220,0.7075406,,
891,11508,0.7074284,,
891,13620,0.7069778,,
891,2534,0.70656234,,
891,3331,0.70643204,,
891,5498,0.7059769,,
891,7835,0.705475,,
891,6326,0.70541686,,
891,10618,0.70532763,,
891,11500,0.70526147,,
891,8456,0.7050477,,
891,12495,0.70492476,,
891,10571,0.70491344,,
891,8476,0.70489216,,
891,11502,0.70465416,,
891,9266,0.7044867,,
891,6551,0.7044273,,
891,14360,0.70437616,,
891,12604,0.7042676,,
891,13834,0.70411533,,
891,14365,0.7040511,,
891,10598,0.70350814,,
891,3854,0.7029854,,
891,10584,0.7029829,,
891,7520,0.7029535,,
891,11986,0.7028677,,
891,10608,0.7024593,,
891,2465,0.7021836,,
891,11489,0.7021403,,
891,4626,0.7020201,,
891,10628,0.70190686,,
891,8009,0.7014691,,
891,14173,0.70145637,,
891,13219,0.7014002,,
891,13615,0.701314,,
891,8084,0.7011254,,
891,13225,0.7010724,,
891,11032,0.70098865,,
891,8457,0.70091546,,
891,10633,0.70046145,,
891,10643,0.7003758,,
891,10171,0.70031255,,
891,3338,0.7001514,,
891,13710,0.7000096,,
891,13214,0.70000017,,
891,4895,0.6999403,,
891,4991,0.69992894,,
891,10655,0.69957566,,
891,2199,0.69956493,,
891,9247,0.6993522,,
891,13623,0.6986347,,
891,6776,0.6986008,,
891,10588,0.69844395,,
891,11499,0.6979525,,
891,14168,0.69767356,,
891,8080,0.697313,,
891,2457,0.69681716,,
891,13612,0.6963426,,
891,11497,0.69621843,,
891,10638,0.6958627,,
891,14381,0.69513893,,
891,10623,0.6948807,,
891,3711,0.69476664,,
891,10621,0.6944938,,
891,13617,0.69425124,,
891,10593,0.69398683,,
891,1837,0.6932555,,
891,14176,0.6932241,,
891,10661,0.6928241,,
891,5597,0.6924619,,
891,7908,0.69184786,,
891,5590,0.6916715,,
891,8934,0.6916566,,
891,11492,0.69138104,,
891,2171,0.69122344,,
891,11416,0.6909783,,
891,10569,0.69079673,,
891,526,0.69058794,,
891,8940,0.6905569,,
891,14175,0.69034,,
891,13217,0.68993723,,
891,13216,0.68968505,,
891,7972,0.6896387,,
891,3835,0.6892367,,
891,3841,0.6889762,,
891,8993,0.68887126,,
891,10768,0.6883765,,
891,5595,0.68810105,,
891,7339,0.68764895,,
891,7913,0.6875447,,
891,13438,0.68718195,,
891,10833,0.6869248,,
891,8999,0.68690866,,
891,4897,0.68641496,,
891,10642,0.6862899,,
891,13614,0.68550855,,
891,14933,0.6853715,,
891,13624,0.68517625,,
891,4574,0.68502057,,
891,10617,0.68417096,,
891,8079,0.68414485,,
891,14382,0.68380463,,
891,527,0.68350303,,
891,10611,0.68321854,,
891,10591,0.68292475,,
891,14395,0.6829228,,
891,13619,0.68288386,,
891,5600,0.6822301,,
891,2031,0.68198323,,
891,14385,0.68174833,,
891,10646,0.6817093,,
891,10631,0.6815848,,
891,13188,0.6807732,,
891,14426,0.6805663,,
891,3412,0.680547,,
891,7837,0.68049055,,
891,13616,0.6802756,,
891,10520,0.6802102,,
891,14696,0.6801816,,
891,14180,0.6800112,,
891,7911,0.6799569,,
891,14387,0.6796164,,
891,7432,0.6795663,,
891,10606,0.67954475,,
891,4254,0.67941767,,
891,6249,0.6793283,,
891,8387,0.67926264,,
891,10616,0.6790781,,
891,10654,0.6785044,,
891,10636,0.6783472,,
891,12099,0.67815435,,
891,2063,0.6781361,,
891,14392,0.67804927,,
891,10626,0.67740893,,
891,2173,0.67733085,,
891,14422,0.67702895,,
891,3373,0.6768731,,
891,10765,0.67644894,,
891,8082,0.676408,,
891,1445,0.67628515,,
891,11069,0.67614657,,
891,13186,0.67601436,,
891,13221,0.67599773,,
891,3564,0.675377,,
891,13952,0.6753738,,
891,2281,0.67521656,,
891,13212,0.6751994,,
891,5068,0.67512965,,
891,7602,0.6749947,,
891,4898,0.674791,,
891,8086,0.6747265,,
891,13227,0.6746818,,
891,10828,0.6740363,,
891,14178,0.6738903,,
891,12637,0.67388153,,
891,11422,0.6738677,,
891,3757,0.6737684,,
891,10912,0.6736594,,
891,13286,0.67312,,
891,13222,0.6730594,,
891,10641,0.6727965,,
891,10596,0.672774,,
891,7907,0.6722642,,
891,10601,0.6716453,,
891,13226,0.67112845,,
891,7565,0.67094064,,
891,5004,0.67093855,,
891,14388,0.6707404,,
891,10764,0.6704352,,
891,10568,0.6704226,,
891,5017,0.67011786,,
891,13187,0.6701087,,
891,10622,0.6699789,,
891,14361,0.6699447,,
891,13185,0.6698458,,
891,11487,0.6698049,,
891,10586,0.66979223,,
891,12785,0.66947734,,
891,8559,0.66925985,,
891,7596,0.6692172,,
891,7346,0.669116,,
891,5291,0.66888183,,
891,7786,0.66879034,,
891,12568,0.6686792,,
891,8081,0.66850245,,
891,6720,0.66833335,,
891,14380,0.66828525,,
891,13835,0.6682796,,
891,9251,0.66820395,,
891,9510,0.6677705,,
891,10583,0.6677284,,
891,3329,0.66741383,,
891,14386,0.6667241,,
891,7335,0.6661655,,
891,7343,0.66579247,,
891,5289,0.66572624,,
891,13613,0.6653017,,
891,13618,0.66524935,,
891,2398,0.66484,,
891,5591,0.6645562,,
891,14396,0.664114,,
891,10826,0.6639617,,
891,13415,0.6638331,,
891,9162,0.66382605,,
891,8134,0.66372,,
891,14391,0.6635343,,
891,9395,0.66341513,,
891,11973,0.66338193,,
891,8188,0.6629908,,
891,8077,0.66279685,,
891,4251,0.66278476,,
891,13932,0.6627805,,
891,11972,0.6625369,,
891,8741,0.66202074,,
891,3852,0.66156477,,
891,3506,0.6614821,,
891,6319,0.66124076,,
891,10831,0.6604698,,
891,10567,0.6601568,,
891,7910,0.65990824,,
891,2541,0.6596526,,
891,10639,0.65949327,,
891,12784,0.6593119,,
891,10627,0.6592473,,
891,10614,0.65874594,,
891,14366,0.65870106,,
891,14378,0.65829176,,
891,10699,0.6573681,,
891,14390,0.65725017,,
891,6316,0.6571105,,
891,5585,0.6570804,,
891,13184,0.65685487,,
891,14384,0.65671813,,
891,10629,0.6563015,,
891,5594,0.65620387,,
891,10590,0.65602326,,
891,10637,0.6558725,,
891,12783,0.6558341,,
891,5512,0.6557944,,
891,11389,0.6548218,,
891,8835,0.6545983,,
891,10630,0.6545177,,
891,12762,0.6541889,,
891,7341,0.65415025,,
891,14377,0.65404785,,
891,10766,0.65395343,,
891,14389,0.65387696,,
891,15194,0.65375096,,
891,8030,0.6537356,,
891,10609,0.6535156,,
891,6302,0.6532916,,
891,5592,0.6532388,,
891,12103,0.65291363,,
891,3846,0.65277743,,
891,5584,0.6522509,,
891,7338,0.65186137,,
891,2282,0.65166974,,
891,10835,0.6516231,,
891,4043,0.65156406,,
891,7345,0.6515131,,
891,14177,0.6514955,,
891,12782,0.6512801,,
891,15152,0.6509597,,
891,5589,0.6508471,,
891,10696,0.650842,,
891,14399,0.65076566,,
891,3472,0.65054226,,
891,10592,0.65045786,,
891,4665,0.6502753,,
891,6320,0.64994085,,
891,5581,0.64988154,,
891,13034,0.6497872,,
891,7337,0.6496717,,
891,3787,0.6493808,,
891,8087,0.6491712,,
891,2040,0.6491657,,
891,2453,0.64859927,,
891,7838,0.64852554,,
891,14393,0.6485049,,
891,10767,0.64843845,,
891,8386,0.6484243,,
891,14394,0.6483592,,
891,10612,0.6474393,,
891,11426,0.6474384,,
891,12786,0.64733654,,
891,638,0.6471604,,
891,10587,0.6464878,,
891,7997,0.64625734,,
891,7344,0.6462504,,
891,10827,0.6462193,,
891,10624,0.645983,,
891,10615,0.6459512,,
891,14425,0.64581805,,
891,7833,0.6457945,,
891,10610,0.6456808,,
891,10190,0.645353,,
891,2030,0.6451998,,
891,4095,0.6447938,,
891,8092,0.64474565,,
891,10701,0.6446586,,
891,10620,0.6442209,,
891,10632,0.64393145,,
891,6711,0.64382315,,
891,10823,0.6436078,,
891,6674,0.643503,,
891,5382,0.64320654,,
891,588,0.6431602,,
891,10600,0.64297825,,
891,7340,0.64267844,,
891,10647,0.6424568,,
891,9509,0.64242357,,
891,10625,0.6420301,,
891,10635,0.6420071,,
891,10640,0.6419977,,
891,10607,0.64177275,,
891,5598,0.6417694,,
891,14383,0.6414932,,
891,10832,0.6413999,,
891,10602,0.6413862,,
891,10619,0.6405726,,
891,10605,0.64040774,,
891,6318,0.6403478,,
891,12875,0.6399594,,
891,3813,0.6397476,,
891,10597,0.6396549,,
891,3784,0.6395893,,
891,8385,0.639467,,
891,11974,0.6389673,,
891,11405,0.63867456,,
891,8055,0.63737893,,
891,8532,0.63723224,,
891,5593,0.63707936,,
891,2170,0.6369454,,
891,13773,0.6364144,,
891,10830,0.6363276,,
891,11402,0.63616455,,
891,7863,0.6361166,,
891,14376,0.6359128,,
891,11417,0.63588494,,
891,14379,0.6358722,,
891,4680,0.63578653,,
891,11407,0.635724,,
891,14397,0.6355793,,
891,637,0.6354549,,
891,4929,0.63526154,,
891,11915,0.6346218,,
891,5599,0.63452786,,
891,11572,0.634403,,
891,10645,0.6340113,,
891,3628,0.63352954,,
891,507,0.6333347,,
891,11976,0.6327381,,
891,2466,0.63257647,,
891,10519,0.6314668,,
891,14697,0.63142693,,
891,3812,0.63070893,,
891,10634,0.630555,,
891,10698,0.6303764,,
891,12584,0.63013494,,
891,12636,0.63003236,,
891,5065,0.629862,,
891,14693,0.62973654,,
891,13774,0.62973106,,
891,10521,0.62953657,,
891,13191,0.629327,,
891,6317,0.62905073,,
891,9347,0.62904483,,
891,15079,0.62892807,,
891,10577,0.6289056,,
891,4962,0.6285584,,
891,3837,0.6282794,,
891,10599,0.62825495,,
891,10202,0.627939,,
891,10604,0.6277238,,
891,3811,0.62769485,,
891,5082,0.62757796,,
891,5588,0.6273005,,
891,2201,0.62722075,,
891,7336,0.62642854,,
891,3814,0.6260252,,
891,5596,0.6260068,,
891,15304,0.62599134,,
891,10649,0.6248447,,
891,7909,0.62449634,,
891,5046,0.6238004,,
891,4922,0.6237018,,
891,2172,0.6236848,,
891,13416,0.623091,,
891,10695,0.62202924,,
891,3839,0.62195945,,
891,13452,0.62164384,,
891,10522,0.6214579,,
891,10667,0.6207198,,
891,12916,0.6201634,,
891,4625,0.619593,,
891,6057,0.6191412,,
891,13978,0.61845034,,
891,4378,0.6183169,,
891,10644,0.6179772,,
891,7864,0.61767167,,
891,3789,0.6172665,,
891,3397,0.6167293,,
891,3808,0.61655825,,
891,10834,0.6163109,,
891,11406,0.6162021,,
891,3832,0.6160114,,
891,11410,0.6159925,,
891,5586,0.61544746,,
891,11574,0.6152956,,
891,13002,0.61409277,,
891,3809,0.6138703,,
891,7638,0.61377954,,
891,3520,0.6134918,,
891,11412,0.6133148,,
891,11427,0.61323553,,
891,10594,0.61313814,,
891,12625,0.61307704,,
891,10700,0.61290693,,
891,6514,0.6128852,,
891,13030,0.6125639,,
891,7342,0.6124669,,
891,3843,0.6122949,,
891,1545,0.6120147,,
891,13144,0.6120084,,
891,3817,0.6111519,,
891,6334,0.6110965,,
891,11975,0.61058265,,
891,7527,0.610529,,
891,4063,0.6101195,,
891,6151,0.6097923,,
891,10824,0.6097636,,
891,88,0.60915667,,
891,12638,0.60899365,,
891,3791,0.60889375,,
891,3850,0.6085489,,
891,14695,0.6084233,,
891,3820,0.6077043,,
891,8070,0.60747206,,
891,11421,0.6068368,,
891,12513,0.6060941,,
891,8143,0.6056795,,
891,12520,0.6048625,,
891,2410,0.60443944,,
891,13979,0.6041528,,
891,10139,0.6038205,,
891,7644,0.60366476,,
891,10659,0.60336214,,
891,7640,0.60334337,,
891,11573,0.603293,,
891,3467,0.60265476,,
891,7865,0.6026481,,
891,3849,0.60216284,,
891,12046,0.6019308,,
891,4255,0.60187507,,
891,14694,0.60138017,,
891,5519,0.6009938,,
891,4151,0.59954,,
891,2537,0.59891844,,
891,14569,0.5984218,,
891,675,0.5982407,,
891,7512,0.598192,,
891,13035,0.59811604,,
891,3828,0.5969949,,
891,532,0.59669346,,
891,13936,0.5960817,,
891,10815,0.59569156,,
891,3221,0.59522814,,
891,5513,0.5943566,,
891,11401,0.59411585,,
891,11425,0.5935872,,
891,10589,0.5935285,,
891,6899,0.59336483,,
891,3510,0.59154505,,
891,3320,0.5914847,,
891,9270,0.5914436,,
891,3627,0.5914299,,
891,12915,0.59130603,,
891,11408,0.59029454,,
891,11431,0.59027076,,
891,7567,0.590236,,
891,6083,0.59018964,,
891,6515,0.589441,,
891,11434,0.58914614,,
891,5009,0.5888689,,
891,10829,0.5886712,,
891,7639,0.5886625,,
891,11961,0.5882218,,
891,14574,0.5879608,,
891,12673,0.5876332,,
891,10697,0.58696425,,
891,6311,0.5868519,,
891,13719,0.5868266,,
891,14629,0.58660465,,
891,5511,0.58608145,,
891,3836,0.5859029,,
891,7641,0.5856,,
891,11420,0.5853895,,
891,7522,0.58470064,,
891,5372,0.5846897,,
891,4927,0.5846496,,
891,7573,0.5844718,,
891,11216,0.5843233,,
891,11324,0.58431554,,
891,6710,0.5838791,,
891,3943,0.5837846,,
891,13391,0.5829554,,
891,11571,0.582783,,
891,14624,0.5824517,,
891,3384,0.58240587,,
891,13933,0.58133733,,
891,11134,0.5808925,,
891,11415,0.580506,,
891,3786,0.5804567,,
891,4086,0.5803106,,
891,5447,0.5802468,,
891,4047,0.5798556,,
891,12906,0.57971007,,
891,14722,0.5796994,,
891,5583,0.5790513,,
891,7869,0.57832193,,
891,7984,0.57808053,,
891,1466,0.57756346,,
891,2527,0.5772513,,
891,10754,0.5765609,,
891,13775,0.5763754,,
891,11430,0.5758691,,
891,14764,0.5757439,,
891,11971,0.57570934,,
891,14639,0.57464314,,
891,4658,0.5746328,,
891,80,0.5746315,,
891,2233,0.57430243,,
891,10702,0.57398903,,
891,6255,0.57258004,,
891,2377,0.5724375,,
891,5816,0.572167,,
891,1463,0.57207084,,
891,2531,0.57180965,,
891,3622,0.56992507,,
891,3810,0.56981695,,
891,4093,0.56946886,,
891,6676,0.5691115,,
891,3415,0.5689881,,
891,10414,0.5688061,,
891,6219,0.56808835,,
891,10670,0.5680804,,
891,14021,0.5677903,,
891,7398,0.567289,,
891,13453,0.5670943,,
891,11413,0.56678313,,
891,6248,0.56635344,,
891,14614,0.5658941,,
891,14767,0.5655461,,
891,13937,0.5655226,,
891,13934,0.5651265,,
891,12876,0.5649512,,
891,14458,0.56456935,,
891,9338,0.56452376,,
891,4659,0.56445456,,
891,14634,0.5644148,,
891,7637,0.5641495,,
891,13951,0.56409717,,
891,12580,0.5627412,,
891,11083,0.5625135,,
891,14022,0.56248736,,
891,9343,0.5623678,,
891,4184,0.56176233,,
891,14594,0.56169266,,
891,13931,0.5615439,,
891,7521,0.561419,,
891,2379,0.56122446,,
891,8167,0.5606844,,
891,11146,0.55993223,,
891,8145,0.5588206,,
891,10757,0.55822027,,
891,7674,0.5576002,,
891,11985,0.5575494,,
891,3942,0.5573715,,
891,3848,0.55709606,,
891,7934,0.5567583,,
891,13678,0.5566548,,
891,10668,0.5559474,,
891,9342,0.55578697,,
891,7642,0.5554254,,
891,11433,0.5553376,,
891,7578,0.5550436,,
891,14375,0.5546282,,
891,7646,0.55455905,,
891,11211,0.5542682,,
891,12001,0.55406713,,
891,12006,0.55320126,,
891,7862,0.55316615,,
891,11414,0.5526716,,
891,11221,0.5523063,,
891,5552,0.55174214,,
891,5010,0.5510774,,
891,7434,0.55076027,,
891,3424,0.55040234,,
891,11423,0.5501619,,
891,10582,0.5500409,,
891,7647,0.54985744,,
891,10669,0.54977125,,
891,10683,0.5496375,,
891,11418,0.5488749,,
891,11403,0.5487551,,
891,5555,0.5486541,,
891,14019,0.54857826,,
891,8198,0.54763633,,
891,6217,0.5470969,,
891,13089,0.5464322,,
891,7482,0.54626405,,
891,7679,0.5459397,,
891,10758,0.54577374,,
891,9341,0.54553294,,
891,5565,0.54549664,,
891,7874,0.54532355,,
891,14604,0.54523385,,
891,8197,0.5447781,,
891,7579,0.54464275,,
891,8535,0.5444434,,
891,11424,0.54413396,,
891,7867,0.5434235,,
891,14589,0.5429597,,
891,2376,0.5428843,,
891,14609,0.5428132,,
891,3499,0.5426933,,
891,5561,0.541654,,
891,10681,0.5415087,,
891,8140,0.5414805,,
891,14619,0.541417,,
891,11151,0.54124326,,
891,6724,0.54118544,,
891,12914,0.5410352,,
891,2374,0.5408526,,
891,10676,0.5404547,,
891,11166,0.5404232,,
891,5818,0.5402553,,
891,10814,0.540212,,
891,9337,0.54011536,,
891,5559,0.5398928,,
891,4079,0.53930855,,
891,11226,0.53907394,,
891,4266,0.53878367,,
891,14370,0.53853095,,
891,12064,0.53839463,,
891,14839,0.5380187,,
891,2492,0.5378575,,
891,10684,0.53768003,,
891,7961,0.5376326,,
891,12536,0.53741777,,
891,3750,0.5374131,,
891,78,0.5367079,,
891,12011,0.5365802,,
891,4590,0.5364061,,
891,13102,0.53625476,,
891,4663,0.53619236,,
891,14564,0.5359854,,
891,7673,0.535891,,
891,7931,0.53559893,,
891,5547,0.5353713,,
891,6755,0.5349347,,
891,11419,0.53486717,,
891,6892,0.5346767,,
891,4583,0.5341128,,
891,10574,0.5334938,,
891,11201,0.5331029,,
891,4001,0.5329548,,
891,11409,0.5326811,,
891,3494,0.5324314,,
891,11090,0.5318014,,
891,6686,0.5315242,,
891,2036,0.5314541,,
891,5562,0.53125083,,
891,8142,0.5312315,,
891,3498,0.53056425,,
891,6722,0.5293276,,
891,14037,0.52906936,,
891,14584,0.52877337,,
891,14635,0.52874887,,
891,9370,0.52869356,,
891,11387,0.5286414,,
891,2426,0.52856153,,
891,4964,0.5283851,,
891,8149,0.5283444,,
891,2378,0.52831966,,
891,8152,0.5283091,,
891,11141,0.52779573,,
891,5465,0.52770346,,
891,2375,0.52737445,,
891,5114,0.52727187,,
891,14590,0.52721524,,
891,14571,0.52702504,,
891,14020,0.5268244,,
891,14599,0.5263557,,
891,13912,0.52619624,,
891,14565,0.5261902,,
891,7871,0.52590984,,
891,6691,0.5256468,,
891,11512,0.5254109,,
891,8153,0.52520275,,
891,14595,0.52508503,,
891,5109,0.5249243,,
891,11361,0.524678,,
891,3751,0.52455556,,
891,14579,0.5236115,,
891,14781,0.52347434,,
891,6922,0.523292,,
891,11161,0.52249396,,
891,4068,0.52248347,,
891,11362,0.52237254,,
891,12521,0.5219773,,
891,7870,0.5219132,,
891,5558,0.52170426,,
891,5571,0.5209363,,
891,7933,0.52086693,,
891,7860,0.520792,,
891,11382,0.5202837,,
891,12055,0.52000576,,
891,5304,0.51988226,,
891,82,0.5198534,,
891,3620,0.51976246,,
891,11171,0.519667,,
891,11196,0.51958793,,
891,14576,0.519029,,
891,12101,0.51848185,,
891,7873,0.5182326,,
891,8156,0.5181452,,
891,12874,0.5176272,,
891,5545,0.51642245,,
891,14373,0.51595056,,
891,10682,0.51549447,,
891,14626,0.5152714,,
891,8956,0.515149,,
891,2504,0.51508945,,
891,8154,0.51487607,,
891,14636,0.514715,,
891,5564,0.5142804,,
891,531,0.51385856,,
891,14186,0.5137921,,
891,3480,0.51375157,,
891,14600,0.51370853,,
891,14374,0.51347476,,
891,14581,0.5133823,,
891,14372,0.51295084,,
891,13231,0.5128016,,
891,11136,0.5125542,,
891,3741,0.5119672,,
891,14566,0.5119536,,
891,10564,0.511627,,
891,694,0.51148474,,
891,3624,0.5107085,,
891,13156,0.5105127,,
891,14631,0.5104546,,
891,11537,0.5104058,,
891,14606,0.5097896,,
891,4943,0.5097526,,
891,14591,0.5096546,,
891,5569,0.5091806,,
891,13904,0.50911105,,
891,8144,0.5086094,,
891,3746,0.5084759,,
891,14688,0.50838214,,
891,14611,0.50831753,,
891,14621,0.50821334,,
891,14601,0.50818366,,
891,13087,0.50794125,,
891,7446,0.50785756,,
891,5563,0.507685,,
891,11429,0.50735956,,
891,11210,0.5071226,,
891,13362,0.50694144,,
891,8147,0.5068991,,
891,14630,0.5066195,,
891,14586,0.5065105,,
891,14616,0.5062839,,
891,10402,0.50627524,,
891,10685,0.506207,,
891,14596,0.50614405,,
891,6675,0.5058617,,
891,11513,0.50528544,,
891,3973,0.5051003,,
891,530,0.5043088,,
891,10678,0.50413895,,
891,11388,0.5038101,,
891,11992,0.5026934,,
891,14605,0.5022317,,
891,5554,0.5016686,,
891,5570,0.501285,,
891,14620,0.49948415,,
891,14625,0.49903667,,
891,8533,0.49847496,,
891,10675,0.4981697,,
891,11156,0.49812385,,
891,8427,0.49789163,,
891,11186,0.49775502,,
891,14371,0.4977026,,
891,14580,0.4976952,,
891,14585,0.49743345,,
891,6701,0.49742156,,
891,2511,0.49730778,,
891,11404,0.49710056,,
891,11377,0.49677742,,
891,9949,0.49659228,,
891,3327,0.4965739,,
891,4607,0.49652973,,
891,3626,0.49649167,,
891,10680,0.49595922,,
891,14575,0.49551162,,
891,14570,0.49401268,,
891,11538,0.49376196,,
891,11379,0.49339715,,
891,10677,0.49307394,,
891,14615,0.49266356,,
891,8428,0.49265763,,
891,13103,0.4920769,,
891,3496,0.49146605,,
891,11181,0.4910493,,
891,10378,0.49095953,,
891,14610,0.49077788,,
891,4377,0.4907642,,
891,2509,0.4902862,,
891,13679,0.48993734,,
891,9339,0.4897315,,
891,9544,0.4886912,,
891,5008,0.48867655,,
891,12100,0.48834562,,
891,13241,0.4881252,,
891,13680,0.48796526,,
891,11473,0.4878472,,
891,13918,0.48685068,,
891,13086,0.48641762,,
891,12102,0.4861823,,
891,11385,0.48569775,,
891,11964,0.48563707,,
891,13364,0.48556748,,
891,13831,0.484753,,
891,11381,0.4837266,,
891,10570,0.48366743,,
891,5522,0.48337305,,
891,13919,0.48333803,,
891,5400,0.48332798,,
891,6897,0.48287928,,
891,13363,0.48280764,,
891,11383,0.48277533,,
891,11089,0.48272333,,
891,4805,0.48270458,,
891,11191,0.4826401,,
891,10733,0.48263332,,
891,13442,0.48221874,,
891,13243,0.4821713,,
891,11378,0.48184565,,
891,14638,0.48150393,,
891,11386,0.4811176,,
891,11997,0.4795092,,
891,4508,0.47938398,,
891,13236,0.47912744,,
891,7620,0.47875327,,
891,8918,0.47863927,,
891,9950,0.47840798,,
891,11147,0.47827217,,
891,11198,0.4781911,,
891,11376,0.47799167,,
891,6696,0.4779432,,
891,13145,0.47753412,,
891,5567,0.4773943,,
891,11316,0.47681868,,
891,13454,0.47652942,,
891,2505,0.47617167,,
891,7593,0.47599512,,
891,14633,0.47582635,,
891,11979,0.47541523,,
891,3623,0.47490567,,
891,2478,0.4745126,,
891,13660,0.47332212,,
891,14686,0.47235495,,
891,10565,0.47202262,,
891,12003,0.47196677,,
891,13239,0.47193643,,
891,13681,0.4715757,,
891,14613,0.4709661,,
891,3621,0.47063902,,
891,14632,0.4699103,,
891,10687,0.4695637,,
891,10390,0.46938968,,
891,14587,0.46879512,,
891,14627,0.4686931,,
891,14622,0.4685982,,
891,13284,0.46842176,,
891,6887,0.46834433,,
891,6893,0.46744326,,
891,10575,0.46715146,,
891,3497,0.46685666,,
891,12106,0.46608725,,
891,11384,0.46575803,,
891,14617,0.46546432,,
891,14573,0.4654337,,
891,11222,0.46540165,,
891,14578,0.46510452,,
891,14592,0.46485382,,
891,13088,0.4647823,,
891,10563,0.46463773,,
891,4118,0.46443915,,
891,6698,0.46443844,,
891,13238,0.46358985,,
891,11360,0.46356755,,
891,12008,0.46298122,,
891,14593,0.4627719,,
891,7592,0.46256626,,
891,6763,0.4625298,,
891,10906,0.4622834,,
891,14618,0.462221,,
891,2514,0.46166787,,
891,8447,0.4613234,,
891,14602,0.4612876,,
891,4122,0.46117565,,
891,14577,0.4603059,,
891,14612,0.45920828,,
891,14582,0.4591698,,
891,14583,0.45805076,,
891,14628,0.4579667,,
891,11176,0.4579011,,
891,10573,0.4576655,,
891,1529,0.4575846,,
891,14568,0.45741928,,
891,13143,0.45642313,,
891,2489,0.45640418,,
891,14572,0.4562907,,
891,14608,0.45617068,,
891,14623,0.45533213,,
891,14588,0.45516554,,
891,14567,0.4551012,,
891,10905,0.4547606,,
891,6677,0.45418307,,
891,14685,0.45415974,,
891,3495,0.45399308,,
891,14603,0.4531746,,
891,14637,0.4528257,,
891,12044,0.45275873,,
891,12002,0.4523832,,
891,11227,0.45177305,,
891,2496,0.45176366,,
891,13234,0.4515221,,
891,7872,0.45136774,,
891,3780,0.4511714,,
891,11999,0.4506694,,
891,14691,0.45040414,,
891,14598,0.4500691,,
891,1528,0.45001665,,
891,6692,0.44997844,,
891,3500,0.44964507,,
891,12010,0.4495508,,
891,3900,0.44827935,,
891,13237,0.44780943,,
891,14597,0.44731927,,
891,12105,0.44723928,,
891,14607,0.44702357,,
891,4503,0.44642553,,
891,14690,0.4458061,,
891,6890,0.4449187,,
891,11989,0.44468373,,
891,6873,0.4444365,,
891,11187,0.44427863,,
891,2508,0.4441166,,
891,11217,0.44393462,,
891,2500,0.44319946,,
891,13242,0.44288656,,
891,13090,0.4416693,,
891,6895,0.4416097,,
891,11157,0.44146276,,
891,12004,0.44142088,,
891,3618,0.44119352,,
891,13240,0.44072774,,
891,4606,0.44062886,,
891,8828,0.440623,,
891,2515,0.4403232,,
891,4322,0.43996847,,
891,9188,0.43974113,,
891,12009,0.43965062,,
891,12007,0.43871564,,
891,6919,0.4382619,,
891,11882,0.43818253,,
891,7594,0.43812993,,
891,8531,0.4376872,,
891,2510,0.43666798,,
891,7595,0.4366502,,
891,11197,0.4362625,,
891,12013,0.43617374,,
891,2484,0.4358621,,
891,12005,0.4357348,,
891,5279,0.43519625,,
891,8537,0.4348179,,
891,13279,0.43456164,,
891,11152,0.43376487,,
891,11225,0.43372595,,
891,10735,0.43367684,,
891,13235,0.43350944,,
891,11188,0.4330037,,
891,14726,0.43278494,,
891,3869,0.43253672,,
891,14721,0.43184653,,
891,2482,0.4317239,,
891,12908,0.4315127,,
891,12657,0.42956856,,
891,6688,0.42870727,,
891,11178,0.42786697,,
891,11172,0.4277996,,
891,10731,0.42768008,,
891,11142,0.4275964,,
891,6689,0.42740563,,
891,11162,0.42655632,,
891,6700,0.4261865,,
891,8434,0.42553,,
891,13271,0.4251241,,
891,11199,0.4250562,,
891,3911,0.42503074,,
891,6684,0.42502114,,
891,6898,0.42487392,,
891,6694,0.4241925,,
891,14765,0.42397612,,
891,6690,0.42381826,,
891,8538,0.423753,,
891,11224,0.42367435,,
891,10734,0.4232233,,
891,11990,0.4232019,,
891,9556,0.4227818,,
891,11165,0.4222951,,
891,11205,0.4219398,,
891,11158,0.4209467,,
891,11539,0.41957778,,
891,6889,0.41857055,,
891,11132,0.41838518,,
891,2503,0.41818076,,
891,13911,0.41815466,,
891,10493,0.41749156,,
891,15082,0.41743252,,
891,8536,0.4169805,,
891,3876,0.41673428,,
891,11170,0.41600552,,
891,12910,0.41559252,,
891,11213,0.41549212,,
891,14724,0.41525656,,
891,9157,0.41506907,,
891,4022,0.41457126,,
891,11988,0.41435936,,
891,13273,0.41389734,,
891,11207,0.41373077,,
891,6279,0.41367513,,
891,13269,0.41346124,,
891,7607,0.41299775,,
891,11183,0.41269323,,
891,4800,0.41241327,,
891,11160,0.41208893,,
891,11998,0.41152278,,
891,8534,0.4113381,,
891,14684,0.41024792,,
891,11223,0.4097855,,
891,13281,0.40789944,,
891,3921,0.40752617,,
891,11202,0.40715522,,
891,2362,0.4069206,,
891,11208,0.4067253,,
891,2486,0.40644854,,
891,11143,0.40623665,,
891,11182,0.4062165,,
891,11228,0.40594405,,
891,11190,0.40579903,,
891,11167,0.4055324,,
891,11140,0.40543494,,
891,11185,0.40495074,,
891,11194,0.4048558,,
891,3905,0.40462396,,
891,13274,0.40460664,,
891,7442,0.4044603,,
891,12909,0.40411976,,
891,13278,0.40309858,,
891,11195,0.40292,,
891,7701,0.402531,,
891,2481,0.40232602,,
891,3913,0.4022077,,
891,10704,0.4019839,,
891,11150,0.4016648,,
891,11203,0.40164402,,
891,3889,0.40158853,,
891,14692,0.40149087,,
891,12907,0.4012041,,
891,11148,0.4010439,,
891,3207,0.40096363,,
891,15215,0.400082,,
891,14689,0.3998693,,
891,11192,0.3996168,,
891,11177,0.3994083,,
891,14687,0.39932933,,
891,10811,0.3991487,,
891,2493,0.39906436,,
891,3744,0.39902166,,
891,3860,0.3988174,,
891,11212,0.39840385,,
891,3926,0.39819974,,
891,11153,0.39819005,,
891,3901,0.39818943,,
891,13275,0.39731932,,
891,3886,0.39667144,,
891,13270,0.39624208,,
891,2474,0.3956075,,
891,6894,0.39537087,,
891,3923,0.3953647,,
891,11220,0.39363253,,
891,1551,0.3932569,,
891,12579,0.39150777,,
891,3927,0.3909702,,
891,13283,0.3909117,,
891,11163,0.39074162,,
891,3919,0.390517,,
891,9014,0.3888449,,
891,11881,0.388704,,
891,9035,0.3885863,,
891,11168,0.38853392,,
891,13276,0.38811684,,
891,11209,0.3875978,,
891,13280,0.38680774,,
891,8115,0.38649806,,
891,11218,0.3863325,,
891,3897,0.38626423,,
891,13268,0.38622835,,
891,11219,0.38618243,,
891,4910,0.38574672,,
891,11173,0.38572124,,
891,12012,0.38568768,,
891,11155,0.3853535,,
891,13285,0.3844255,,
891,13272,0.3843566,,
891,11175,0.38286352,,
891,11189,0.38267368,,
891,3865,0.38203636,,
891,11164,0.38198543,,
891,6280,0.38171485,,
891,13266,0.38095602,,
891,6540,0.38018587,,
891,3862,0.37991926,,
891,10566,0.37895158,,
891,11180,0.37894624,,
891,11214,0.3784231,,
891,13914,0.37837076,,
891,11200,0.37819937,,
891,7543,0.37813583,,
891,10379,0.37748212,,
891,3892,0.37681535,,
891,2491,0.37614396,,
891,2513,0.37526035,,
891,3899,0.37446168,,
891,3884,0.37428504,,
891,10377,0.37412134,,
891,13905,0.37351304,,
891,12577,0.37344143,,
891,4536,0.37196732,,
891,11154,0.3714375,,
891,2488,0.3713261,,
891,13436,0.37120765,,
891,10376,0.37071788,,
891,3893,0.3706325,,
891,11149,0.3704977,,
891,11184,0.37027982,,
891,7648,0.37004265,,
891,3873,0.36921436,,
891,7756,0.36913854,,
891,13085,0.36909145,,
891,13435,0.36838615,,
891,8420,0.36783165,,
891,5272,0.36782056,,
891,11179,0.36661023,,
891,12289,0.36644903,,
891,3902,0.3661331,,
891,7958,0.36595374,,
891,6901,0.36520362,,
891,3863,0.36373818,,
891,5453,0.36351526,,
891,11159,0.3631504,,
891,13282,0.36285195,,
891,9142,0.36268592,,
891,11144,0.36044958,,
891,3915,0.3603671,,
891,3891,0.35952732,,
891,11350,0.35867447,,
891,7746,0.35819283,,
891,13267,0.35809726,,
891,13277,0.35688174,,
891,8840,0.35516572,,
891,9021,0.3549551,,
891,9274,0.35452133,,
891,2487,0.35434377,,
891,14720,0.35398448,,
891,2512,0.3519457,,
891,3887,0.3513043,,
891,8855,0.35096598,,
891,9269,0.35041222,,
891,3210,0.35000262,,
891,2502,0.34918463,,
891,8793,0.34917295,,
891,2475,0.34738168,,
891,12589,0.34715185,,
891,3875,0.34707907,,
891,12905,0.3458239,,
891,10497,0.34556952,,
891,632,0.34543267,,
891,2480,0.34464,,
891,6891,0.3442736,,
891,11174,0.3440318,,
891,3903,0.34389204,,
891,14723,0.34297168,,
891,1530,0.34285727,,
891,2501,0.34213957,,
891,3888,0.34208205,,
891,2490,0.34166107,,
891,7760,0.341168,,
891,4914,0.34111613,,
891,5365,0.34082854,,
891,9028,0.33965135,,
891,3209,0.33937892,,
891,13105,0.338345,,
891,3874,0.33815765,,
891,3775,0.33808634,,
891,3920,0.3374889,,
891,3572,0.33685976,,
891,3870,0.3366455,,
891,3896,0.3361373,,
891,8825,0.3360584,,
891,8869,0.3351287,,
891,3936,0.33449298,,
891,3868,0.33446637,,
891,11169,0.3339444,,
891,8827,0.3334926,,
891,13112,0.33231616,,
891,8872,0.33052433,,
891,3205,0.33025897,,
891,3925,0.3298771,,
891,13092,0.32983807,,
891,3885,0.32972196,,
891,13097,0.32961896,,
891,9172,0.32913163,,
891,13913,0.32895392,,
891,8842,0.32594344,,
891,5307,0.32524952,,
891,8807,0.3252092,,
891,3890,0.32512203,,
891,7745,0.32480562,,
891,13107,0.3243288,,
891,5489,0.32407427,,
891,9026,0.32384977,,
891,3211,0.3230936,,
891,9249,0.32281005,,
891,3918,0.32172534,,
891,3878,0.3210749,,
891,13110,0.32087108,,
891,9192,0.31983185,,
891,9167,0.31977358,,
891,9130,0.31974757,,
891,9173,0.3192283,,
891,9083,0.3189464,,
891,4688,0.3187858,,
891,7448,0.31877354,,
891,7747,0.3175053,,
891,9078,0.31715974,,
891,4018,0.31658083,,
891,9137,0.31620383,,
891,3924,0.31594798,,
891,13099,0.31539193,,
891,8830,0.31490895,,
891,3910,0.3148158,,
891,9149,0.3146499,,
891,14725,0.3145926,,
891,3864,0.31398213,,
891,3374,0.31213328,,
891,3871,0.31198558,,
891,8989,0.31170818,,
891,9120,0.31162006,,
891,8778,0.3111605,,
891,7740,0.3093439,,
891,6641,0.30911618,,
891,3370,0.30877116,,
891,9205,0.30863926,,
891,13764,0.30850908,,
891,9204,0.3081554,,
891,9168,0.30520612,,
891,10380,0.304614,,
891,7483,0.30392423,,
891,9147,0.30388218,,
891,13095,0.3038717,,
891,7536,0.30334103,,
891,4253,0.30331478,,
891,13113,0.303134,,
891,13100,0.3026114,,
891,7754,0.30160728,,
891,10375,0.30160284,,
891,3771,0.301127,,
891,12578,0.30043423,,
891,7935,0.30009684,,
891,9178,0.29975685,,
891,13094,0.2995285,,
891,7755,0.29909799,,
891,4971,0.2990946,,
891,3481,0.29873952,,
891,8996,0.29814088,,
891,7558,0.2968109,,
891,4628,0.29673737,,
891,8820,0.29643157,,
891,9045,0.2962242,,
891,7703,0.29621148,,
891,8837,0.29590946,,
891,3774,0.29580957,,
891,13012,0.29531902,,
891,13161,0.29509228,,
891,8898,0.29496711,,
891,8852,0.29457003,,
891,8928,0.29427645,,
891,7930,0.29416838,,
891,9722,0.29401824,,
891,9263,0.29386565,,
891,9190,0.2932258,,
891,3576,0.29315808,,
891,6546,0.29283294,,
891,8773,0.29231364,,
891,8818,0.29213905,,
891,7526,0.2916625,,
891,6548,0.29159898,,
891,3770,0.29122555,,
891,9174,0.29078057,,
891,4718,0.29065773,,
891,8912,0.29056585,,
891,5442,0.29049265,,
891,7742,0.29040784,,
891,13160,0.28977466,,
891,4706,0.28972632,,
891,13761,0.28966066,,
891,7752,0.28963763,,
891,7749,0.2895221,,
891,9038,0.28894728,,
891,9255,0.28843743,,
891,9191,0.28798863,,
891,8929,0.28796366,,
891,9215,0.28792349,,
891,1580,0.28740066,,
891,9039,0.28660643,,
891,9122,0.2865224,,
891,9102,0.28648517,,
891,10651,0.28619072,,
891,5403,0.28617367,,
891,7531,0.28569475,,
891,8797,0.28547323,,
891,3964,0.28530717,,
891,8795,0.2852241,,
891,8915,0.28470892,,
891,9099,0.28448537,,
891,8873,0.28411505,,
891,9117,0.2840226,,
891,9254,0.28362155,,
891,4724,0.28336492,,
891,4543,0.2831248,,
891,8812,0.28305814,,
891,9196,0.2828452,,
891,9163,0.2828274,,
891,7511,0.28204918,,
891,9081,0.28128886,,
891,4957,0.27995673,,
891,9031,0.27990007,,
891,9042,0.2793088,,
891,8792,0.27916625,,
891,8759,0.27915612,,
891,4699,0.27910778,,
891,8857,0.27886334,,
891,8987,0.27841422,,
891,9208,0.27800885,,
891,8811,0.27793345,,
891,9115,0.27770332,,
891,9139,0.27738443,,
891,7744,0.27712044,,
891,5450,0.27694753,,
891,9210,0.27664396,,
891,9213,0.2765894,,
891,9189,0.2764942,,
891,13762,0.2763979,,
891,13096,0.27624846,,
891,4611,0.27597952,,
891,8749,0.27581882,,
891,8817,0.2752295,,
891,13917,0.2751811,,
891,9179,0.2751487,,
891,9057,0.2750343,,
891,8766,0.27484795,,
891,9050,0.27476928,,
891,9156,0.27406722,,
891,13108,0.2740592,,
891,5501,0.27363566,,
891,9054,0.2734603,,
891,7591,0.2732774,,
891,9200,0.27307054,,
891,8785,0.27299845,,
891,3208,0.27265987,,
891,9214,0.27240217,,
891,9265,0.2720821,,
891,7738,0.2719362,,
891,9056,0.2714452,,
891,13106,0.271343,,
891,9195,0.27132732,,
891,8760,0.2713019,,
891,7474,0.27111602,,
891,7750,0.27110663,,
891,9184,0.27096263,,
891,13357,0.2709096,,
891,8952,0.27063158,,
891,9125,0.27047488,,
891,6932,0.27044666,,
891,7553,0.2701345,,
891,7753,0.26952106,,
891,13014,0.26939055,,
891,9111,0.26934978,,
891,7748,0.26852378,,
891,6915,0.26843745,,
891,8803,0.26838169,,
891,8945,0.26741824,,
891,673,0.2669112,,
891,11965,0.26689443,,
891,6925,0.26670444,,
891,8998,0.26655298,,
891,9127,0.26653636,,
891,3765,0.26649702,,
891,8763,0.26646656,,
891,13114,0.26622355,,
891,9003,0.266022,,
891,9047,0.2659448,,
891,7550,0.2655896,,
891,8738,0.26552254,,
891,8804,0.26530778,,
891,9065,0.26528028,,
891,8991,0.2651956,,
891,7555,0.2651176,,
891,6541,0.26488987,,
891,5055,0.26485333,,
891,9259,0.26412612,,
891,10527,0.26409352,,
891,9225,0.2639501,,
891,9261,0.263897,,
891,9252,0.26386505,,
891,9194,0.26383048,,
891,8761,0.2637397,,
891,4025,0.26356074,,
891,7762,0.26326004,,
891,8977,0.26287177,,
891,7458,0.2624358,,
891,3990,0.262307,,
891,8926,0.26208815,,
891,1514,0.2620525,,
891,9100,0.2619976,,
891,13916,0.26196438,,
891,13763,0.261831,,
891,8878,0.2618241,,
891,9114,0.26178485,,
891,9107,0.26177445,,
891,9089,0.26172677,,
891,8881,0.2616809,,
891,7759,0.26164514,,
891,9052,0.2616432,,
891,6916,0.26162377,,
891,9073,0.2612263,,
891,8865,0.26122627,,
891,9126,0.26099485,,
891,8833,0.26093337,,
891,9216,0.26088208,,
891,13091,0.2608755,,
891,8813,0.26077017,,
891,5506,0.26068258,,
891,9109,0.2606811,,
891,9002,0.26051912,,
891,4667,0.2605188,,
891,13004,0.2603671,,
891,8829,0.26007938,,
891,9152,0.26000446,,
891,13109,0.25987178,,
891,9044,0.25967184,,
891,9106,0.2595829,,
891,8899,0.2594608,,
891,9051,0.25940907,,
891,9004,0.25929645,,
891,9055,0.25925496,,
891,8716,0.2592325,,
891,2232,0.25920403,,
891,9068,0.25918838,,
891,9116,0.2591829,,
891,13915,0.2589434,,
891,9212,0.25889608,,
891,8764,0.2588708,,
891,9244,0.25879282,,
891,9250,0.25866848,,
891,9183,0.2583308,,
891,3326,0.25797045,,
891,8838,0.25774944,,
891,1518,0.25751483,,
891,9101,0.25739506,,
891,9005,0.25723016,,
891,9128,0.25717023,,
891,6906,0.25707167,,
891,9276,0.2570673,,
891,9180,0.2570536,,
891,8732,0.2569016,,
891,8787,0.25681114,,
891,13098,0.25679958,,
891,9061,0.2567641,,
891,5420,0.2565717,,
891,13009,0.25651622,,
891,9222,0.25651178,,
891,8933,0.25643498,,
891,8947,0.25630525,,
891,12603,0.25627938,,
891,6934,0.2560489,,
891,9220,0.25600347,,
891,7545,0.25595596,,
891,7590,0.25543663,,
891,8789,0.25538993,,
891,8874,0.2553894,,
891,8957,0.25512412,,
891,9257,0.25505945,,
891,8758,0.2550069,,
891,8921,0.25495505,,
891,9105,0.25478476,,
891,13005,0.25451368,,
891,9112,0.25445765,,
891,7561,0.25433597,,
891,9121,0.25417814,,
891,9110,0.25411204,,
891,9237,0.25402704,,
891,9229,0.25400147,,
891,7560,0.2537812,,
891,8798,0.25355968,,
891,9242,0.2532732,,
891,6917,0.25321156,,
891,9234,0.25320873,,
891,13366,0.25312942,,
891,9198,0.2530581,,
891,5452,0.25274864,,
891,8717,0.25256526,,
891,8876,0.25244793,,
891,7544,0.2522062,,
891,9177,0.2519357,,
891,13101,0.25192088,,
891,8853,0.25183496,,
891,9090,0.25161237,,
891,13104,0.25121135,,
891,9091,0.25115168,,
891,9207,0.25108615,,
891,9094,0.25108355,,
891,3404,0.25099608,,
891,6500,0.2509626,,
891,7562,0.25087696,,
891,9119,0.25086743,,
891,9134,0.25084874,,
891,9095,0.2507869,,
891,9010,0.25067878,,
891,9131,0.2506741,,
891,9080,0.25065747,,
891,7537,0.25044957,,
891,8590,0.25035194,,
891,3928,0.25029185,,
891,7552,0.25013316,,
891,8981,0.2501012,,
891,9144,0.25008926,,
891,9170,0.25007194,,
891,7549,0.2500008,,
891,8780,0.24965419,,
891,13020,0.2496515,,
891,9001,0.24961233,,
891,9235,0.24949996,,
891,5445,0.24929921,,
891,13008,0.24929513,,
891,9224,0.24916871,,
891,8767,0.24911006,,
891,9007,0.24908921,,
891,13111,0.24908523,,
891,9275,0.24892393,,
891,8755,0.24890213,,
891,9231,0.24888083,,
891,9230,0.24880712,,
891,9165,0.24856967,,
891,13093,0.2485526,,
891,9085,0.2485505,,
891,8814,0.24851133,,
891,7533,0.24849664,,
891,9245,0.24821286,,
891,5405,0.2479427,,
891,9074,0.24793604,,
891,8844,0.24789129,,
891,9193,0.24769445,,
891,9271,0.24767509,,
891,9060,0.24755958,,
891,7559,0.2473174,,
891,9033,0.24725889,,
891,13007,0.24720125,,
891,10530,0.24699418,,
891,9058,0.24698539,,
891,7546,0.24697202,,
891,9093,0.24693468,,
891,5455,0.24693175,,
891,8805,0.24683008,,
891,7534,0.24649201,,
891,9158,0.24630336,,
891,4906,0.24616884,,
891,9070,0.24616046,,
891,9009,0.24591854,,
891,5121,0.24587525,,
891,9075,0.24583408,,
891,9153,0.24579811,,
891,8730,0.2457159,,
891,8856,0.24562569,,
891,170,0.24560796,,
891,8839,0.24545465,,
891,9069,0.24545218,,
891,4406,0.24536479,,
891,9236,0.24522173,,
891,9233,0.24514733,,
891,9124,0.24497904,,
891,9201,0.2447579,,
891,9197,0.24468343,,
891,8972,0.2446792,,
891,9029,0.24466807,,
891,9185,0.24458277,,
891,9015,0.2443642,,
891,8821,0.24430566,,
891,6928,0.24427819,,
891,8866,0.24422348,,
891,9016,0.24420579,,
891,8771,0.24419452,,
891,9239,0.24418508,,
891,9084,0.24387877,,
891,8868,0.2436919,,
891,13017,0.24366437,,
891,6933,0.24353097,,
891,9272,0.24352579,,
891,9023,0.24348888,,
891,9096,0.24336241,,
891,4539,0.24331918,,
891,9277,0.24328746,,
891,9181,0.24328467,,
891,9141,0.24327159,,
891,7554,0.24324234,,
891,7628,0.24323022,,
891,9053,0.24314177,,
891,10528,0.24308175,,
891,9226,0.24303597,,
891,7761,0.24301448,,
891,8858,0.24288854,,
891,8815,0.24273345,,
891,9258,0.2425165,,
891,10526,0.2424601,,
891,8781,0.24242781,,
891,8870,0.24239339,,
891,9243,0.24230054,,
891,8750,0.24225119,,
891,8850,0.24223207,,
891,9012,0.2421216,,
891,7539,0.24207531,,
891,9232,0.24182323,,
891,6224,0.24177147,,
891,8788,0.2417228,,
891,13018,0.24148734,,
891,9135,0.24102019,,
891,13015,0.2409269,,
891,13013,0.24075389,,
891,10529,0.24072339,,
891,9072,0.24052899,,
891,9557,0.24049436,,
891,6918,0.24035957,,
891,9064,0.24023351,,
891,13365,0.2401258,,
891,9203,0.24012245,,
891,6903,0.23997258,,
891,8862,0.23990305,,
891,1508,0.23988053,,
891,8774,0.23969495,,
891,13360,0.23955612,,
891,13354,0.23942283,,
891,9218,0.23940578,,
891,7541,0.23937407,,
891,3524,0.23924387,,
891,9019,0.23922588,,
891,9024,0.23881175,,
891,9164,0.23876962,,
891,9150,0.23857066,,
891,9006,0.2385501,,
891,8931,0.23854034,,
891,7557,0.23853171,,
891,7542,0.23792903,,
891,8908,0.23738244,,
891,9227,0.23738232,,
891,13010,0.23729739,,
891,8822,0.2372943,,
891,7743,0.23661846,,
891,8823,0.2365916,,
891,9264,0.23648943,,
891,13011,0.2363162,,
891,9059,0.2362579,,
891,8834,0.23623651,,
891,6923,0.23618029,,
891,9138,0.23600198,,
891,9108,0.23574518,,
891,9209,0.23573625,,
891,1513,0.2355047,,
891,9202,0.2354795,,
891,9169,0.2352473,,
891,9217,0.23522848,,
891,4183,0.23492378,,
891,9161,0.23407358,,
891,7455,0.23406456,,
891,8861,0.23370783,,
891,9076,0.23362552,,
891,9273,0.23361844,,
891,8914,0.23360881,,
891,13006,0.23354846,,
891,9262,0.23337868,,
891,5119,0.23314135,,
891,6281,0.23299956,,
891,9248,0.2329382,,
891,8757,0.23268896,,
891,8748,0.23246026,,
891,13016,0.23236279,,
891,9155,0.23211548,,
891,6908,0.23204723,,
891,7524,0.2319266,,
891,9022,0.23187661,,
891,9228,0.23154683,,
891,8847,0.23145574,,
891,9071,0.23123147,,
891,9049,0.2311493,,
891,8973,0.23106974,,
891,9211,0.2307549,,
891,5456,0.23071353,,
891,1527,0.23053278,,
891,4905,0.23033296,,
891,8985,0.23026237,,
891,8772,0.23015773,,
891,8816,0.23007987,,
891,6913,0.23007862,,
891,4538,0.229349,,
891,9238,0.22928344,,
891,8994,0.22893254,,
891,8917,0.22880693,,
891,2056,0.22870511,,
891,3203,0.22864352,,
891,9206,0.22851197,,
891,8849,0.22845706,,
891,8791,0.22830577,,
891,9223,0.22830194,,
891,9253,0.22823343,,
891,9186,0.22768886,,
891,9013,0.22753401,,
891,9166,0.2275242,,
891,13021,0.22730714,,
891,9171,0.22726788,,
891,9123,0.22706942,,
891,9256,0.2267806,,
891,5500,0.22650434,,
891,8976,0.22608306,,
891,9104,0.22604243,,
891,9088,0.22576955,,
891,9048,0.22566283,,
891,9187,0.22531761,,
891,8883,0.22527628,,
891,9241,0.22525722,,
891,9020,0.22507633,,
891,9129,0.22504625,,
891,9146,0.22474088,,
891,9136,0.22456416,,
891,9182,0.22451583,,
891,9098,0.22445996,,
891,13349,0.22421004,,
891,9148,0.2241586,,
891,9145,0.22410224,,
891,9079,0.22382413,,
891,9092,0.22339782,,
891,9082,0.22324528,,
891,8859,0.2232222,,
891,8986,0.22303969,,
891,6305,0.22292925,,
891,9140,0.2229098,,
891,8995,0.222762,,
891,9025,0.22202119,,
891,9077,0.22164324,,
891,9103,0.22154766,,
891,9067,0.22100653,,
891,8775,0.22079682,,
891,9160,0.2205549,,
891,9087,0.22041081,,
891,9032,0.2202412,,
891,8824,0.21995512,,
891,13350,0.21874373,,
