2565,2035,0.9671724,sleep,PMID: 36801290
2565,3414,0.9423518,Lithium response,
2565,1575,0.9412682,Brain Ischemia|Hypertension|Stroke,PMID: 34044075
2565,8216,0.9410051,sickle cell and thalassaemia genes,
2565,5835,0.93871516,nicotine dependence smoking behavior,PMID: 15844840
2565,1871,0.9364627,Hypertension|Nephrosclerosis,PMID: 36119929
2565,3337,0.93548846,Acute lymphoblastic leukemia (childhood),PMID: 24568907
2565,9875,0.93329144,"Pneumonia|Respiratory Distress Syndrome, Newborn|Sepsis",PMID: 36801224;PMID: 35401158
2565,9805,0.9324908,eosinophilia,PMID: 25264079
2565,1397,0.93211573,Apolipoproteins C,PMID: 36148321
2565,1448,0.93125165,,
2565,13722,0.9291669,,
2565,4435,0.928067,,
2565,5861,0.92800146,,
2565,3545,0.92796886,,
2565,1901,0.9272947,,
2565,12569,0.9265572,,
2565,10595,0.9260469,,
2565,12027,0.9248836,,
2565,1888,0.9236861,,
2565,636,0.92296505,,
2565,1815,0.92253095,,
2565,2041,0.9222202,,
2565,5308,0.91903627,,
2565,4039,0.91826123,,
2565,2010,0.9170459,,
2565,4460,0.9156671,,
2565,616,0.9152512,,
2565,6,0.9146739,,
2565,2015,0.91277945,,
2565,12645,0.91222876,,
2565,6156,0.9118214,,
2565,5033,0.91148853,,
2565,3544,0.91116387,,
2565,4445,0.91108394,,
2565,13720,0.91047615,,
2565,1818,0.9102397,,
2565,12781,0.9100987,,
2565,13723,0.9096884,,
2565,9392,0.9092123,,
2565,3493,0.908926,,
2565,13721,0.90818906,,
2565,684,0.9072346,,
2565,4657,0.9064951,,
2565,1922,0.9057958,,
2565,1453,0.9044643,,
2565,3225,0.90377164,,
2565,3557,0.90324455,,
2565,8248,0.90289533,,
2565,5023,0.902669,,
2565,7354,0.90253806,,
2565,6426,0.90139014,,
2565,1813,0.900133,,
2565,5874,0.89998,,
2565,2005,0.89973134,,
2565,1669,0.8987894,,
2565,1820,0.89824444,,
2565,1805,0.89759123,,
2565,1810,0.8970439,,
2565,5295,0.8969509,,
2565,2159,0.8946095,,
2565,7352,0.89363426,,
2565,11353,0.8934632,,
2565,2022,0.8928636,,
2565,1808,0.8917267,,
2565,2304,0.89170665,,
2565,6184,0.8916448,,
2565,6204,0.89095193,,
2565,8138,0.89073265,,
2565,1670,0.8906299,,
2565,6614,0.8895948,,
2565,1816,0.8894792,,
2565,5294,0.8893185,,
2565,1826,0.888961,,
2565,3972,0.88866246,,
2565,1806,0.8885785,,
2565,4384,0.8885327,,
2565,9506,0.8880769,,
2565,3709,0.8879119,,
2565,1811,0.88757175,,
2565,11352,0.8862792,,
2565,1802,0.88578755,,
2565,1822,0.8851157,,
2565,7902,0.88350075,,
2565,11113,0.8817302,,
2565,9507,0.8816596,,
2565,1425,0.8810989,,
2565,2469,0.8795997,,
2565,6179,0.8778356,,
2565,7529,0.8774944,,
2565,9652,0.87736136,,
2565,4034,0.8772747,,
2565,4033,0.8768285,,
2565,3880,0.8760042,,
2565,3371,0.87596154,,
2565,1877,0.87590307,,
2565,7367,0.87576663,,
2565,2216,0.87569577,,
2565,12458,0.87567437,,
2565,5019,0.8749381,,
2565,6231,0.87441367,,
2565,10673,0.8742998,,
2565,6427,0.872915,,
2565,12884,0.8709905,,
2565,5034,0.8709631,,
2565,4031,0.8704245,,
2565,7388,0.8698654,,
2565,9779,0.8696616,,
2565,4032,0.8685297,,
2565,2353,0.8684652,,
2565,3348,0.8680704,,
2565,5025,0.86763984,,
2565,1517,0.86662126,,
2565,7382,0.86605245,,
2565,5815,0.86574954,,
2565,7377,0.8652618,,
2565,7373,0.86501503,,
2565,13190,0.8647468,,
2565,7490,0.8645204,,
2565,4630,0.86445874,,
2565,7362,0.8642301,,
2565,2518,0.8635236,,
2565,8860,0.8628532,,
2565,9871,0.8620207,,
2565,7381,0.8615975,,
2565,4037,0.86120814,,
2565,2160,0.8610637,,
2565,7376,0.86102974,,
2565,9819,0.86094594,,
2565,12425,0.86093134,,
2565,7378,0.86078334,,
2565,6430,0.86074483,,
2565,13648,0.859499,,
2565,1429,0.85949415,,
2565,7363,0.8593606,,
2565,6424,0.8593383,,
2565,9851,0.8591926,,
2565,13654,0.8590361,,
2565,6423,0.8584946,,
2565,5027,0.85847104,,
2565,9773,0.8583911,,
2565,13653,0.85796565,,
2565,9749,0.857798,,
2565,4656,0.85759723,,
2565,13462,0.8570433,,
2565,5889,0.8569601,,
2565,7368,0.85634965,,
2565,5035,0.8557572,,
2565,9827,0.8556576,,
2565,4074,0.85560995,,
2565,5906,0.85544306,,
2565,9879,0.85510075,,
2565,9789,0.8550255,,
2565,5954,0.8548859,,
2565,9390,0.85484904,,
2565,9775,0.85464764,,
2565,12322,0.85439384,,
2565,7672,0.8543414,,
2565,13655,0.8541899,,
2565,9891,0.8540165,,
2565,6425,0.8539857,,
2565,4433,0.8539605,,
2565,9793,0.85394156,,
2565,5901,0.85380363,,
2565,7358,0.85372335,,
2565,6269,0.8535781,,
2565,4379,0.8534832,,
2565,5916,0.85332096,,
2565,9764,0.85322434,,
2565,5920,0.85297084,,
2565,9397,0.85288966,,
2565,7365,0.8528196,,
2565,7360,0.85277534,,
2565,5823,0.85266334,,
2565,13467,0.8525662,,
2565,13189,0.851894,,
2565,6216,0.8518549,,
2565,7855,0.8515867,,
2565,5913,0.85157615,,
2565,5020,0.85134757,,
2565,5910,0.8513458,,
2565,13649,0.85133106,,
2565,5895,0.8513146,,
2565,4076,0.8511844,,
2565,5943,0.8510845,,
2565,5859,0.85102373,,
2565,5873,0.85088956,,
2565,9807,0.85068995,,
2565,12882,0.8505186,,
2565,5933,0.8504892,,
2565,7380,0.8504266,,
2565,7371,0.8504157,,
2565,1924,0.85027236,,
2565,13652,0.85002893,,
2565,9520,0.8499711,,
2565,5028,0.84972626,,
2565,13481,0.84971875,,
2565,7475,0.8494844,,
2565,7375,0.84933406,,
2565,5834,0.849223,,
2565,9824,0.8490647,,
2565,5896,0.8488468,,
2565,5881,0.8487813,,
2565,5934,0.84868824,,
2565,5950,0.8485447,,
2565,9854,0.84830695,,
2565,13472,0.84802246,,
2565,5959,0.8479603,,
2565,5884,0.8479537,,
2565,7751,0.8479352,,
2565,13647,0.84784883,,
2565,9781,0.8478385,,
2565,13477,0.8474291,,
2565,5947,0.8473066,,
2565,9763,0.847302,,
2565,9839,0.84702915,,
2565,4075,0.8468597,,
2565,8088,0.8468383,,
2565,5905,0.8467949,,
2565,5032,0.84670055,,
2565,4675,0.8466741,,
2565,9859,0.8463577,,
2565,5885,0.84621143,,
2565,10653,0.8459967,,
2565,13656,0.8458999,,
2565,5891,0.84586954,,
2565,1426,0.84585625,,
2565,9724,0.8455621,,
2565,5925,0.8455581,,
2565,13465,0.8455324,,
2565,5886,0.84551686,,
2565,5822,0.84547937,,
2565,5903,0.84546435,,
2565,5944,0.8454221,,
2565,12612,0.84542084,,
2565,5890,0.845339,,
2565,13466,0.8452998,,
2565,13352,0.8450777,,
2565,5952,0.84505445,,
2565,5911,0.8448887,,
2565,5953,0.8448869,,
2565,13651,0.8448835,,
2565,13482,0.844861,,
2565,9799,0.84475887,,
2565,5830,0.8446214,,
2565,13650,0.8444376,,
2565,9772,0.8440766,,
2565,5839,0.8438966,,
2565,9855,0.84383416,,
2565,12321,0.84379834,,
2565,9817,0.84377813,,
2565,5880,0.8437417,,
2565,4679,0.8436732,,
2565,4559,0.8432719,,
2565,5931,0.8432511,,
2565,9843,0.84324414,,
2565,1900,0.8431983,,
2565,9728,0.8431811,,
2565,5828,0.84312403,,
2565,9822,0.8430125,,
2565,1945,0.843,,
2565,5860,0.84293246,,
2565,9837,0.8428779,,
2565,6198,0.84281397,,
2565,5898,0.84273064,,
2565,5927,0.842683,,
2565,9735,0.8424889,,
2565,1961,0.84248173,,
2565,5957,0.84228694,,
2565,5939,0.84228384,,
2565,10966,0.84224826,,
2565,10658,0.8421747,,
2565,5914,0.84210783,,
2565,1866,0.84203166,,
2565,5928,0.8419093,,
2565,5833,0.8417822,,
2565,1881,0.84146523,,
2565,5908,0.84140337,,
2565,5824,0.84131116,,
2565,9848,0.84122,,
2565,5868,0.8411462,,
2565,5863,0.8410195,,
2565,9845,0.84090847,,
2565,5945,0.8408701,,
2565,9835,0.84081936,,
2565,9037,0.8407925,,
2565,9736,0.8404726,,
2565,5876,0.8404006,,
2565,9821,0.84039956,,
2565,9794,0.8402644,,
2565,9459,0.84024477,,
2565,14541,0.84005225,,
2565,5930,0.8399431,,
2565,5865,0.8399346,,
2565,9834,0.8399275,,
2565,7370,0.8399162,,
2565,8170,0.8397638,,
2565,13478,0.83972836,,
2565,13473,0.8396639,,
2565,6195,0.83964,,
2565,5821,0.8396302,,
2565,8962,0.8395263,,
2565,13475,0.83951604,,
2565,9143,0.83940893,,
2565,7386,0.83933496,,
2565,5948,0.8391852,,
2565,8010,0.83910763,,
2565,12883,0.83909005,,
2565,9802,0.8389723,,
2565,1849,0.8389606,,
2565,4513,0.83893156,,
2565,9830,0.838907,,
2565,1865,0.83886594,,
2565,6183,0.8383276,,
2565,5877,0.83830774,,
2565,5866,0.8380511,,
2565,7384,0.83804065,,
2565,9788,0.8379907,,
2565,1928,0.83770514,,
2565,9746,0.8375904,,
2565,9780,0.83758366,,
2565,9426,0.8375282,,
2565,4674,0.8375212,,
2565,9813,0.83737534,,
2565,9778,0.8373658,,
2565,13469,0.83734703,,
2565,10671,0.83733165,,
2565,5036,0.83729494,,
2565,9890,0.83715856,,
2565,9790,0.8366086,,
2565,9832,0.836334,,
2565,9759,0.8361901,,
2565,1452,0.83611614,,
2565,1979,0.8360869,,
2565,3491,0.8360619,,
2565,5956,0.8360185,,
2565,12324,0.8358587,,
2565,9785,0.8356959,,
2565,5869,0.83549833,,
2565,1904,0.835332,,
2565,5941,0.83531916,,
2565,9733,0.8351887,,
2565,9787,0.83514994,,
2565,9810,0.8350225,,
2565,9427,0.83485484,,
2565,5912,0.83478886,,
2565,9882,0.8346769,,
2565,5888,0.8346368,,
2565,9739,0.834488,,
2565,9786,0.83439606,,
2565,10022,0.8343593,,
2565,9443,0.8342713,,
2565,9791,0.8341068,,
2565,7389,0.8341003,,
2565,9732,0.834072,,
2565,5872,0.8336614,,
2565,1884,0.8335956,,
2565,14540,0.8335749,,
2565,1856,0.83341974,,
2565,1950,0.8333135,,
2565,12477,0.83330894,,
2565,1969,0.833277,,
2565,8879,0.8332589,,
2565,9727,0.8331391,,
2565,9865,0.83304834,,
2565,1854,0.83304596,,
2565,6289,0.8329946,,
2565,13484,0.83299416,,
2565,9814,0.83298236,,
2565,8851,0.8329273,,
2565,13476,0.83291346,,
2565,9387,0.8328508,,
2565,6182,0.8327765,,
2565,12464,0.8327286,,
2565,5031,0.8327248,,
2565,9825,0.8326617,,
2565,5840,0.8323688,,
2565,5831,0.83236545,,
2565,13464,0.83232206,,
2565,9741,0.8322364,,
2565,5907,0.8322133,,
2565,1859,0.8320785,,
2565,9806,0.83202296,,
2565,8753,0.83176583,,
2565,13471,0.8317592,,
2565,2425,0.83174133,,
2565,8887,0.8316207,,
2565,6194,0.8316051,,
2565,12463,0.8315442,,
2565,3984,0.8315422,,
2565,12469,0.831536,,
2565,9885,0.8314655,,
2565,12484,0.8314247,,
2565,4537,0.8312937,,
2565,4511,0.8312604,,
2565,10730,0.83122784,,
2565,9756,0.8311382,,
2565,2236,0.83104026,,
2565,9833,0.8309498,,
2565,13474,0.8309479,,
2565,5942,0.83089733,,
2565,13483,0.83076626,,
2565,5937,0.830558,,
2565,6193,0.83044654,,
2565,1853,0.830442,,
2565,12588,0.83040625,,
2565,1911,0.8303283,,
2565,5902,0.83032054,,
2565,5904,0.83017427,,
2565,6178,0.8301695,,
2565,1890,0.829893,,
2565,9841,0.8297029,,
2565,9765,0.8296893,,
2565,5021,0.8293085,,
2565,1925,0.8293078,,
2565,5887,0.8291045,,
2565,6188,0.82909083,,
2565,9777,0.82907057,,
2565,9766,0.82899296,,
2565,6199,0.82891226,,
2565,1923,0.82882285,,
2565,9874,0.8288193,,
2565,1861,0.82881296,,
2565,10664,0.82866496,,
2565,1870,0.82866186,,
2565,12856,0.82859397,,
2565,9858,0.8285097,,
2565,12478,0.8285013,,
2565,9862,0.82849985,,
2565,9869,0.8284718,,
2565,12472,0.8284708,,
2565,1915,0.82841694,,
2565,10029,0.8283565,,
2565,6044,0.828293,,
2565,7361,0.828276,,
2565,12473,0.8282346,,
2565,7366,0.82808846,,
2565,1918,0.82764846,,
2565,12323,0.8275875,,
2565,12479,0.82753104,,
2565,5882,0.82745296,,
2565,6201,0.8274267,,
2565,1930,0.82739055,,
2565,6187,0.82734287,,
2565,1910,0.82730997,,
2565,1916,0.8273064,,
2565,10663,0.82705593,,
2565,1519,0.8267463,,
2565,12467,0.8267024,,
2565,5867,0.8266994,,
2565,12852,0.8265544,,
2565,1886,0.8265432,,
2565,9831,0.8265147,,
2565,9877,0.82649755,,
2565,13058,0.8264077,,
2565,9861,0.82640576,,
2565,9815,0.8263266,,
2565,4920,0.82632136,,
2565,9420,0.8259104,,
2565,1905,0.8258729,,
2565,12857,0.8258593,,
2565,6200,0.82564354,,
2565,5951,0.82563144,,
2565,9828,0.82548195,,
2565,1975,0.8254044,,
2565,10656,0.82520485,,
2565,7355,0.825041,,
2565,1957,0.8249124,,
2565,37,0.8248185,,
2565,1960,0.8248174,,
2565,5862,0.8247307,,
2565,9838,0.82459974,,
2565,9760,0.82459205,,
2565,12854,0.82455945,,
2565,1895,0.824231,,
2565,10012,0.82404214,,
2565,12861,0.8240094,,
2565,9987,0.8237717,,
2565,9863,0.82361865,,
2565,1963,0.82355,,
2565,9747,0.8234976,,
2565,7356,0.8234578,,
2565,12482,0.82341605,,
2565,12474,0.82339215,,
2565,10019,0.8233912,,
2565,9808,0.82337385,,
2565,1946,0.82333124,,
2565,6185,0.8229908,,
2565,4011,0.82288724,,
2565,12987,0.822794,,
2565,1879,0.8226422,,
2565,1949,0.8226066,,
2565,6490,0.82254696,,
2565,9758,0.8225405,,
2565,12483,0.8222902,,
2565,5892,0.8221603,,
2565,14543,0.8220193,,
2565,1967,0.8218974,,
2565,6181,0.8218498,,
2565,9796,0.82145804,,
2565,12993,0.821358,,
2565,12992,0.8213481,,
2565,9801,0.82129276,,
2565,1964,0.82122624,,
2565,12424,0.82093203,,
2565,12475,0.82090735,,
2565,12468,0.82088953,,
2565,6191,0.820615,,
2565,12480,0.82051957,,
2565,6192,0.8204701,,
2565,6180,0.82020414,,
2565,5026,0.8201328,,
2565,1882,0.81986505,,
2565,1920,0.81982607,,
2565,1984,0.81978357,,
2565,2009,0.81969655,,
2565,10652,0.8196658,,
2565,1880,0.8194684,,
2565,12587,0.8194035,,
2565,9852,0.8193964,,
2565,10039,0.81934047,,
2565,1974,0.8193361,,
2565,9999,0.819179,,
2565,14546,0.8188694,,
2565,2230,0.81882906,,
2565,3985,0.8185047,,
2565,9860,0.8184677,,
2565,1972,0.818262,,
2565,12465,0.81823766,,
2565,14545,0.8182055,,
2565,1937,0.8180976,,
2565,5781,0.8179785,,
2565,12988,0.8178383,,
2565,7364,0.8177985,,
2565,8864,0.8176783,,
2565,4918,0.8176699,,
2565,7379,0.8174669,,
2565,10021,0.81744087,,
2565,9880,0.81730956,,
2565,1952,0.817055,,
2565,6190,0.8170206,,
2565,10000,0.81700015,,
2565,14547,0.81699497,,
2565,11248,0.81698966,,
2565,1563,0.81687164,,
2565,6196,0.8165118,,
2565,9887,0.8165061,,
2565,1887,0.81649005,,
2565,9344,0.8162728,,
2565,1914,0.8155876,,
2565,10662,0.81550896,,
2565,4429,0.815499,,
2565,9423,0.8154301,,
2565,4560,0.8152328,,
2565,10882,0.8150419,,
2565,13480,0.8148917,,
2565,1885,0.8147521,,
2565,1912,0.8145633,,
2565,1913,0.81442696,,
2565,9978,0.8141438,,
2565,12470,0.81405234,,
2565,4654,0.8139664,,
2565,8119,0.81393886,,
2565,9437,0.8139173,,
2565,6186,0.8135603,,
2565,9332,0.81342834,,
2565,12859,0.8132852,,
2565,12990,0.81315464,,
2565,7650,0.8130302,,
2565,10024,0.8129119,,
2565,1902,0.81289315,,
2565,9889,0.8125282,,
2565,1850,0.8123808,,
2565,12560,0.8123665,,
2565,10660,0.8122063,,
2565,4464,0.812203,,
2565,1943,0.8121767,,
2565,10655,0.81194335,,
2565,12459,0.811922,,
2565,8668,0.81174254,,
2565,9868,0.8117276,,
2565,7359,0.81118965,,
2565,12991,0.81102145,,
2565,1948,0.8109173,,
2565,12614,0.8105697,,
2565,7374,0.81053215,,
2565,9428,0.8104143,,
2565,9432,0.8101246,,
2565,4455,0.8100436,,
2565,12476,0.80983806,,
2565,9335,0.8098353,,
2565,12989,0.8097893,,
2565,4443,0.80977386,,
2565,2027,0.809707,,
2565,6488,0.80949837,,
2565,9898,0.8094578,,
2565,4458,0.80943626,,
2565,12462,0.8093817,,
2565,10254,0.8093413,,
2565,12026,0.8088838,,
2565,10040,0.8088468,,
2565,5580,0.8086623,,
2565,8194,0.80849606,,
2565,8913,0.80842245,,
2565,1962,0.8079546,,
2565,2171,0.8076498,,
2565,4428,0.8075461,,
2565,6197,0.8073372,,
2565,4707,0.8072467,,
2565,9893,0.80671895,,
2565,1968,0.80601573,,
2565,13468,0.80596334,,
2565,4448,0.8057523,,
2565,12481,0.80574363,,
2565,11245,0.80573654,,
2565,10461,0.8056092,,
2565,1935,0.8051923,,
2565,6486,0.8046349,,
2565,1526,0.8044478,,
2565,12860,0.80425024,,
2565,9894,0.8042391,,
2565,12605,0.80420303,,
2565,1868,0.80407387,,
2565,15299,0.80406827,,
2565,10018,0.8036539,,
2565,13463,0.8035951,,
2565,9884,0.80356705,,
2565,2222,0.8035633,,
2565,11583,0.803463,,
2565,12471,0.8034483,,
2565,7900,0.80344284,,
2565,7463,0.8032828,,
2565,9903,0.8029712,,
2565,12853,0.8029617,,
2565,9895,0.8029366,,
2565,8165,0.8028376,,
2565,9266,0.8028346,,
2565,9797,0.80271506,,
2565,1893,0.80268306,,
2565,9888,0.80264246,,
2565,4661,0.80259836,,
2565,10666,0.8023473,,
2565,4463,0.80225563,,
2565,8227,0.80189663,,
2565,10657,0.8018664,,
2565,4424,0.8018619,,
2565,6489,0.80178744,,
2565,1936,0.8016789,,
2565,9988,0.80149996,,
2565,4010,0.80142176,,
2565,4419,0.80112106,,
2565,2483,0.8009937,,
2565,9905,0.8008143,,
2565,9442,0.80058783,,
2565,1857,0.8005632,,
2565,1933,0.80049473,,
2565,2003,0.80039644,,
2565,4991,0.80035096,,
2565,12858,0.80025816,,
2565,1837,0.80016553,,
2565,5132,0.8001505,,
2565,12855,0.80003154,,
2565,1993,0.7998433,,
2565,9908,0.79964393,,
2565,14803,0.7994929,,
2565,4453,0.7992815,,
2565,11584,0.79917955,,
2565,4390,0.7991103,,
2565,9896,0.7989939,,
2565,3975,0.79892653,,
2565,1982,0.798865,,
2565,13135,0.79881066,,
2565,2007,0.7987207,,
2565,1931,0.7987065,,
2565,9910,0.79768693,,
2565,8650,0.7975732,,
2565,5397,0.7975601,,
2565,4335,0.7975053,,
2565,6874,0.7970755,,
2565,11442,0.7968995,,
2565,1773,0.7968688,,
2565,4438,0.7967426,,
2565,9901,0.79670227,,
2565,5296,0.7964632,,
2565,12615,0.79632,,
2565,9906,0.79604,,
2565,14544,0.7959685,,
2565,4431,0.7959193,,
2565,1947,0.79591423,,
2565,10569,0.7956379,,
2565,4394,0.7955934,,
2565,1867,0.79515916,,
2565,8150,0.7946875,,
2565,9441,0.7946486,,
2565,4408,0.7946237,,
2565,1956,0.7942384,,
2565,14389,0.7940059,,
2565,12506,0.7936535,,
2565,7898,0.79357594,,
2565,7645,0.79346997,,
2565,4409,0.7932954,,
2565,3708,0.79327804,,
2565,4444,0.79320276,,
2565,4380,0.79314244,,
2565,9334,0.7928808,,
2565,9900,0.7928696,,
2565,4413,0.7926991,,
2565,1986,0.79258996,,
2565,9912,0.7925766,,
2565,8188,0.792462,,
2565,7893,0.79238296,,
2565,4418,0.79213834,,
2565,1927,0.7919071,,
2565,4985,0.7916835,,
2565,14384,0.7916143,,
2565,12460,0.7914862,,
2565,3983,0.7914664,,
2565,10460,0.79112417,,
2565,4391,0.79106116,,
2565,14387,0.7909149,,
2565,9907,0.79057866,,
2565,12613,0.79033023,,
2565,14394,0.7902437,,
2565,1932,0.79023224,,
2565,2021,0.7902177,,
2565,8631,0.7901094,,
2565,7899,0.7901037,,
2565,13437,0.7900566,,
2565,7882,0.789852,,
2565,8624,0.7897198,,
2565,4452,0.78965724,,
2565,9434,0.7895865,,
2565,7348,0.7890981,,
2565,5409,0.78895813,,
2565,11895,0.7889299,,
2565,4395,0.78885245,,
2565,9897,0.7886006,,
2565,1558,0.78859794,,
2565,7973,0.7881608,,
2565,1976,0.7880986,,
2565,10551,0.7878583,,
2565,9902,0.78784937,,
2565,6074,0.78783387,,
2565,2217,0.78782827,,
2565,2164,0.7872718,,
2565,1872,0.7872223,,
2565,1941,0.7871323,,
2565,10568,0.7870988,,
2565,1858,0.78709364,,
2565,7859,0.78686446,,
2565,14379,0.786799,,
2565,7914,0.7867465,,
2565,1971,0.78667665,,
2565,4254,0.7863738,,
2565,7936,0.7860291,,
2565,7892,0.7858319,,
2565,8762,0.78574705,,
2565,4009,0.7856254,,
2565,8299,0.7856208,,
2565,4441,0.7854662,,
2565,11588,0.7854489,,
2565,7901,0.7853636,,
2565,9436,0.7852167,,
2565,6148,0.7851285,,
2565,9439,0.78511393,,
2565,7996,0.7850475,,
2565,1892,0.78497654,,
2565,4434,0.78490084,,
2565,7896,0.7844477,,
2565,4449,0.78439665,,
2565,2156,0.7843734,,
2565,1860,0.7842899,,
2565,1863,0.7840363,,
2565,8206,0.78393006,,
2565,3738,0.783906,,
2565,14397,0.7835487,,
2565,12893,0.78345376,,
2565,4442,0.7833556,,
2565,4461,0.78335345,,
2565,7894,0.7832648,,
2565,8441,0.783153,,
2565,7351,0.78309727,,
2565,1958,0.7826585,,
2565,1855,0.7825551,,
2565,4320,0.78226644,,
2565,12604,0.7821267,,
2565,3944,0.7820268,,
2565,8256,0.78187233,,
2565,8376,0.78187,,
2565,3360,0.78172344,,
2565,10571,0.7816076,,
2565,4411,0.78141457,,
2565,4337,0.7812915,,
2565,12643,0.780871,,
2565,1983,0.7806111,,
2565,6149,0.7805895,,
2565,3841,0.7805742,,
2565,10672,0.78043926,,
2565,2000,0.7802183,,
2565,14392,0.7801687,,
2565,9440,0.7800413,,
2565,4388,0.7799628,,
2565,1431,0.7799091,,
2565,7603,0.7796924,,
2565,9565,0.7793515,,
2565,2157,0.779222,,
2565,7897,0.7791584,,
2565,4398,0.7790125,,
2565,7895,0.7789815,,
2565,4334,0.77880305,,
2565,9512,0.778707,,
2565,2717,0.7785129,,
2565,1988,0.778497,,
2565,7347,0.7783479,,
2565,4451,0.77832776,,
2565,7600,0.77776027,,
2565,2019,0.7777437,,
2565,4421,0.7776452,,
2565,8522,0.77753776,,
2565,14377,0.7774311,,
2565,6485,0.77714545,,
2565,3560,0.7770663,,
2565,13709,0.77703875,,
2565,4385,0.7768026,,
2565,9435,0.7767044,,
2565,13214,0.776598,,
2565,1921,0.77656806,,
2565,1992,0.7762836,,
2565,8293,0.776039,,
2565,4437,0.77567184,,
2565,14382,0.77541107,,
2565,8946,0.775324,,
2565,4454,0.77528507,,
2565,9336,0.7750418,,
2565,1874,0.7750029,,
2565,1926,0.7749732,,
2565,1998,0.77488875,,
2565,13735,0.77454203,,
2565,8090,0.7740363,,
2565,4459,0.77396923,,
2565,8200,0.77388,,
2565,9513,0.7737574,,
2565,1999,0.77365625,,
2565,4397,0.77344555,,
2565,4462,0.7733968,,
2565,3931,0.77296376,,
2565,7350,0.77293664,,
2565,1938,0.7726944,,
2565,12461,0.7726897,,
2565,4416,0.7723862,,
2565,7704,0.7723238,,
2565,9913,0.7721637,,
2565,6924,0.7721108,,
2565,9914,0.772061,,
2565,8255,0.77192235,,
2565,9899,0.77186584,,
2565,11896,0.7715179,,
2565,5590,0.7714134,,
2565,9904,0.7711907,,
2565,9086,0.77118623,,
2565,6487,0.7711585,,
2565,4043,0.770956,,
2565,8382,0.7709218,,
2565,13219,0.77018255,,
2565,13448,0.77002615,,
2565,4403,0.77000594,,
2565,9909,0.7699987,,
2565,2034,0.7699714,,
2565,14381,0.7698223,,
2565,8339,0.7697716,,
2565,6302,0.7696163,,
2565,2063,0.7694347,,
2565,14385,0.76937693,,
2565,5587,0.7692949,,
2565,13710,0.7691496,,
2565,9395,0.76909924,,
2565,7835,0.7690335,,
2565,3835,0.76901984,,
2565,7834,0.7689422,,
2565,3854,0.76862395,,
2565,6508,0.7684461,,
2565,8380,0.7684298,,
2565,8657,0.7681247,,
2565,1994,0.7680761,,
2565,10661,0.7680271,,
2565,13224,0.7672292,,
2565,8314,0.7671556,,
2565,5591,0.767071,,
2565,14395,0.7669924,,
2565,8333,0.76697826,,
2565,2026,0.76697254,,
2565,8309,0.7666288,,
2565,13215,0.7662899,,
2565,4616,0.7661722,,
2565,2174,0.766141,,
2565,8238,0.76545215,,
2565,11070,0.765433,,
2565,14396,0.7652152,,
2565,8514,0.76508147,,
2565,4137,0.76498604,,
2565,13711,0.7649749,,
2565,4456,0.76475185,,
2565,7857,0.7646914,,
2565,5594,0.7646323,,
2565,4000,0.7645146,,
2565,12873,0.7643845,,
2565,8319,0.76433265,,
2565,2020,0.76429814,,
2565,14388,0.76420796,,
2565,4005,0.76414937,,
2565,8373,0.7640877,,
2565,5592,0.7633304,,
2565,8237,0.7633218,,
2565,8292,0.763214,,
2565,13218,0.76319754,,
2565,13286,0.7630963,,
2565,14816,0.76301885,,
2565,13216,0.76260954,,
2565,8276,0.7625818,,
2565,12509,0.7624343,,
2565,13213,0.76228666,,
2565,2467,0.76192105,,
2565,10567,0.7616224,,
2565,13220,0.7614806,,
2565,8368,0.761435,,
2565,8076,0.7613951,,
2565,7840,0.76133186,,
2565,13223,0.76114315,,
2565,14391,0.7610246,,
2565,5599,0.76098216,,
2565,4426,0.760974,,
2565,4715,0.76084983,,
2565,5585,0.76076823,,
2565,13212,0.7604763,,
2565,2025,0.76044345,,
2565,13221,0.7600518,,
2565,1990,0.75992084,,
2565,6699,0.75989914,,
2565,5600,0.7598801,,
2565,6150,0.75987005,,
2565,13228,0.7596971,,
2565,2014,0.75912607,,
2565,8196,0.7587446,,
2565,13225,0.7587264,,
2565,4652,0.75866646,,
2565,8201,0.7585573,,
2565,10654,0.75854695,,
2565,8518,0.7583188,,
2565,8336,0.75830716,,
2565,12422,0.75763863,,
2565,13222,0.7574525,,
2565,8362,0.7574149,,
2565,8262,0.75734425,,
2565,6287,0.75729305,,
2565,4926,0.757247,,
2565,8269,0.7569504,,
2565,12505,0.7568764,,
2565,9251,0.7565217,,
2565,14386,0.75636727,,
2565,13227,0.7563337,,
2565,4410,0.756211,,
2565,8232,0.75608957,,
2565,8296,0.7560739,,
2565,11587,0.75578994,,
2565,688,0.7557655,,
2565,8280,0.7556941,,
2565,8247,0.75529253,,
2565,13226,0.7550253,,
2565,11069,0.75496674,,
2565,9445,0.75493854,,
2565,5597,0.75482756,,
2565,14028,0.75457376,,
2565,8381,0.75434375,,
2565,8271,0.7543162,,
2565,2163,0.7542564,,
2565,13446,0.7542037,,
2565,8274,0.7541327,,
2565,11071,0.7539495,,
2565,10767,0.75391334,,
2565,6147,0.75383747,,
2565,14393,0.7538261,,
2565,4447,0.7537581,,
2565,693,0.753601,,
2565,10765,0.75338376,,
2565,8350,0.7533026,,
2565,14900,0.75324565,,
2565,4425,0.752907,,
2565,8235,0.75284797,,
2565,5589,0.7528126,,
2565,4457,0.75278765,,
2565,6151,0.7526475,,
2565,5562,0.75256383,,
2565,7858,0.75239336,,
2565,11975,0.7522656,,
2565,8266,0.7522414,,
2565,4450,0.75222343,,
2565,11076,0.75218093,,
2565,8383,0.7521523,,
2565,8369,0.7521496,,
2565,6776,0.75173074,,
2565,7839,0.7517088,,
2565,690,0.7516844,,
2565,12674,0.7513726,,
2565,8345,0.7513169,,
2565,13217,0.7512449,,
2565,14390,0.750845,,
2565,14378,0.7507457,,
2565,7837,0.7505733,,
2565,12103,0.75036085,,
2565,11389,0.7502245,,
2565,8318,0.75018805,,
2565,2001,0.7501261,,
2565,8325,0.7498277,,
2565,3472,0.7497628,,
2565,8623,0.74974066,,
2565,2162,0.749729,,
2565,3711,0.7496815,,
2565,14426,0.749663,,
2565,5584,0.7492842,,
2565,8244,0.7491889,,
2565,8297,0.74912864,,
2565,14380,0.7489962,,
2565,9646,0.7489777,,
2565,14383,0.7488685,,
2565,8357,0.7487864,,
2565,1848,0.74868727,,
2565,2043,0.74860996,,
2565,8316,0.7485446,,
2565,8347,0.7485425,,
2565,14376,0.74830616,,
2565,4417,0.74818355,,
2565,2457,0.74816334,,
2565,7432,0.74794424,,
2565,2424,0.747777,,
2565,14542,0.7476043,,
2565,13038,0.74735904,,
2565,5595,0.7470615,,
2565,5547,0.7470327,,
2565,12510,0.7469901,,
2565,2465,0.7469799,,
2565,4422,0.7469299,,
2565,5581,0.7468127,,
2565,3813,0.7466622,,
2565,12584,0.7465877,,
2565,7598,0.7465164,,
2565,7601,0.7461161,,
2565,13738,0.7455801,,
2565,13736,0.74552095,,
2565,2158,0.7454255,,
2565,8519,0.7453746,,
2565,3331,0.7450832,,
2565,10459,0.7448219,,
2565,3791,0.74470985,,
2565,8359,0.7446724,,
2565,11976,0.7445428,,
2565,5586,0.74452364,,
2565,8366,0.74447536,,
2565,11075,0.74424183,,
2565,6685,0.7440242,,
2565,5368,0.74339026,,
2565,13034,0.7433421,,
2565,7638,0.74310905,,
2565,8304,0.74287176,,
2565,3757,0.74279684,,
2565,8313,0.7422214,,
2565,588,0.7420141,,
2565,8142,0.741713,,
2565,10768,0.7416875,,
2565,10667,0.7413737,,
2565,8294,0.74131364,,
2565,11074,0.7411935,,
2565,4614,0.7411696,,
2565,8273,0.7409998,,
2565,13415,0.74034846,,
2565,8358,0.74028176,,
2565,8239,0.7398167,,
2565,4407,0.7397408,,
2565,3710,0.73953396,,
2565,8341,0.7391762,,
2565,8335,0.7391419,,
2565,8338,0.7391183,,
2565,8328,0.73908293,,
2565,7597,0.73885906,,
2565,2721,0.73883235,,
2565,14176,0.7386465,,
2565,5004,0.7383785,,
2565,6551,0.73811734,,
2565,13184,0.73744607,,
2565,4255,0.7373903,,
2565,3368,0.73707813,,
2565,8372,0.73667455,,
2565,8379,0.7364112,,
2565,7786,0.7361624,,
2565,5593,0.73571473,,
2565,3809,0.735577,,
2565,12784,0.7355645,,
2565,14933,0.7355616,,
2565,5561,0.73522294,,
2565,4432,0.7350505,,
2565,8009,0.734496,,
2565,14178,0.7344196,,
2565,7520,0.7343984,,
2565,5596,0.7343525,,
2565,5485,0.7339407,,
2565,4420,0.73389876,,
2565,3367,0.7335496,,
2565,14177,0.73322946,,
2565,8278,0.7332198,,
2565,8364,0.73303014,,
2565,8320,0.73300153,,
2565,8272,0.73280764,,
2565,13188,0.73273176,,
2565,4412,0.7326069,,
2565,11079,0.7325674,,
2565,5570,0.7325414,,
2565,8940,0.7324884,,
2565,14175,0.73224807,,
2565,11974,0.7318165,,
2565,6515,0.7316368,,
2565,2165,0.73129845,,
2565,5558,0.7312753,,
2565,8290,0.73126197,,
2565,12875,0.73109865,,
2565,2541,0.7309404,,
2565,11078,0.7308956,,
2565,5598,0.7304885,,
2565,14180,0.73031497,,
2565,6629,0.7301728,,
2565,13718,0.73005635,,
2565,689,0.72992235,,
2565,13062,0.7297804,,
2565,3812,0.7293976,,
2565,8305,0.72937393,,
2565,4396,0.7293413,,
2565,3850,0.7292019,,
2565,5564,0.72879374,,
2565,4389,0.72874224,,
2565,10764,0.72854155,,
2565,11073,0.72844625,,
2565,12785,0.7281048,,
2565,3329,0.72808933,,
2565,3852,0.7279495,,
2565,13952,0.72786456,,
2565,5588,0.7276303,,
2565,10590,0.72745985,,
2565,5571,0.72720647,,
2565,13068,0.72716135,,
2565,3849,0.7263736,,
2565,10766,0.72635406,,
2565,14696,0.7263341,,
2565,10621,0.72586924,,
2565,3808,0.72584474,,
2565,3843,0.725789,,
2565,14697,0.72570395,,
2565,8089,0.7256547,,
2565,3817,0.7256453,,
2565,12783,0.7254004,,
2565,12104,0.72514766,,
2565,3811,0.7249316,,
2565,9455,0.7248441,,
2565,14368,0.72470504,,
2565,6758,0.72464466,,
2565,8315,0.72455585,,
2565,8084,0.7244584,,
2565,5545,0.72445035,,
2565,4251,0.72435707,,
2565,3810,0.7243005,,
2565,685,0.72405005,,
2565,6333,0.72397685,,
2565,6249,0.723501,,
2565,11072,0.72346675,,
2565,3412,0.7234616,,
2565,12508,0.7232892,,
2565,11077,0.72328836,,
2565,5498,0.7231888,,
2565,10596,0.72309303,,
2565,3784,0.7223794,,
2565,13737,0.72236484,,
2565,4976,0.7219325,,
2565,3369,0.7219322,,
2565,3828,0.7216881,,
2565,10617,0.7215117,,
2565,14363,0.72138584,,
2565,10626,0.7211837,,
2565,8282,0.7208474,,
2565,3338,0.72076,,
2565,10642,0.7198595,,
2565,10601,0.719656,,
2565,10611,0.71964514,,
2565,15194,0.71952444,,
2565,12782,0.7192208,,
2565,12637,0.7191731,,
2565,13035,0.7186238,,
2565,6720,0.71853775,,
2565,4047,0.71832705,,
2565,5291,0.71832365,,
2565,5555,0.7182089,,
2565,3814,0.7180422,,
2565,10606,0.718026,,
2565,2282,0.7177283,,
2565,10591,0.71739835,,
2565,8154,0.7173004,,
2565,5567,0.7172314,,
2565,10631,0.7171229,,
2565,3789,0.71711695,,
2565,12568,0.7169472,,
2565,10698,0.7166913,,
2565,7642,0.7161631,,
2565,3836,0.7160634,,
2565,8140,0.7158879,,
2565,10670,0.71552825,,
2565,7602,0.71515465,,
2565,3787,0.7149877,,
2565,8085,0.71493065,,
2565,4665,0.71485853,,
2565,12786,0.71483594,,
2565,12507,0.7147926,,
2565,10699,0.71426564,,
2565,3839,0.71425015,,
2565,8291,0.7134777,,
2565,14179,0.71330655,,
2565,5565,0.7132148,,
2565,10912,0.7131338,,
2565,5552,0.7130509,,
2565,6520,0.7127634,,
2565,3832,0.71274334,,
2565,2173,0.7122187,,
2565,12916,0.71219134,,
2565,15152,0.71189946,,
2565,3538,0.7118063,,
2565,3837,0.7116756,,
2565,3846,0.7116487,,
2565,3820,0.7116472,,
2565,8385,0.7112997,,
2565,10586,0.71101093,,
2565,7637,0.7107493,,
2565,7972,0.7106837,,
2565,8079,0.7105169,,
2565,5563,0.71051055,,
2565,10641,0.70999134,,
2565,5289,0.7099027,,
2565,11915,0.7098625,,
2565,10646,0.7095125,,
2565,5583,0.70924294,,
2565,6233,0.70902616,,
2565,8230,0.7090193,,
2565,10593,0.70887357,,
2565,10613,0.7088593,,
2565,5382,0.7087659,,
2565,14693,0.7085325,,
2565,5513,0.70836693,,
2565,2398,0.7082638,,
2565,5554,0.7082208,,
2565,8082,0.707983,,
2565,8149,0.7076307,,
2565,3366,0.70760167,,
2565,14367,0.7066576,,
2565,8152,0.7066195,,
2565,7833,0.7065338,,
2565,5517,0.7064446,,
2565,10622,0.70555973,,
2565,7639,0.7054739,,
2565,12495,0.70545596,,
2565,6514,0.70536524,,
2565,5559,0.70505476,,
2565,10603,0.7050364,,
2565,686,0.7046477,,
2565,5512,0.7046292,,
2565,8147,0.7039917,,
2565,12762,0.7039682,,
2565,3540,0.7038082,,
2565,10695,0.7036325,,
2565,8070,0.7031346,,
2565,10412,0.70310694,,
2565,691,0.7029017,,
2565,2170,0.70285296,,
2565,3848,0.7028398,,
2565,8083,0.7024436,,
2565,10639,0.7022356,,
2565,13187,0.70204943,,
2565,3506,0.7015885,,
2565,10202,0.700738,,
2565,6519,0.70071876,,
2565,8144,0.70005745,,
2565,7567,0.69997466,,
2565,15330,0.6999345,,
2565,4563,0.6997295,,
2565,5569,0.69961524,,
2565,14365,0.6993655,,
2565,8145,0.69913036,,
2565,10636,0.69892126,,
2565,8386,0.6986231,,
2565,6316,0.69854033,,
2565,8143,0.6982289,,
2565,9510,0.6981266,,
2565,7640,0.6979828,,
2565,7838,0.6978989,,
2565,10648,0.6975597,,
2565,8559,0.6975307,,
2565,7641,0.69674754,,
2565,8086,0.6966659,,
2565,7596,0.69646585,,
2565,13623,0.6963982,,
2565,5017,0.69635576,,
2565,10616,0.69585127,,
2565,6922,0.69580007,,
2565,3373,0.69555765,,
2565,13932,0.695467,,
2565,14362,0.6954462,,
2565,14425,0.6954174,,
2565,8532,0.6949592,,
2565,10608,0.6948435,,
2565,10618,0.6936292,,
2565,6711,0.6930467,,
2565,7646,0.6928998,,
2565,2281,0.69288033,,
2565,3786,0.6927794,,
2565,2172,0.69209355,,
2565,10700,0.692082,,
2565,2466,0.69197637,,
2565,13002,0.6919209,,
2565,4658,0.6918022,,
2565,10190,0.6912382,,
2565,11961,0.6910831,,
2565,12046,0.69090956,,
2565,13089,0.69087386,,
2565,10588,0.6907767,,
2565,507,0.69055814,,
2565,10598,0.69042796,,
2565,8153,0.6904017,,
2565,6237,0.6903801,,
2565,5511,0.69001776,,
2565,2537,0.6897373,,
2565,10628,0.689712,,
2565,8387,0.6894151,,
2565,14021,0.6893417,,
2565,10614,0.6890929,,
2565,12864,0.6890008,,
2565,2030,0.6887472,,
2565,4929,0.68847793,,
2565,1545,0.6884084,,
2565,13452,0.6884023,,
2565,13186,0.68837065,,
2565,12064,0.6883259,,
2565,10643,0.6878919,,
2565,10627,0.68692774,,
2565,13978,0.68682307,,
2565,5315,0.6866384,,
2565,8081,0.6863785,,
2565,13103,0.68614566,,
2565,12906,0.6859442,,
2565,12915,0.685874,,
2565,7522,0.68559676,,
2565,10629,0.6852615,,
2565,10605,0.6851313,,
2565,7573,0.68466544,,
2565,4562,0.6845453,,
2565,7644,0.6843033,,
2565,10696,0.68421394,,
2565,14186,0.68372685,,
2565,4378,0.68330514,,
2565,3520,0.68322533,,
2565,10633,0.6824914,,
2565,6255,0.68244743,,
2565,11986,0.6821577,,
2565,7913,0.68214285,,
2565,8087,0.6818376,,
2565,13070,0.6816912,,
2565,13086,0.6816866,,
2565,10635,0.6814268,,
2565,4962,0.6811976,,
2565,10754,0.68115526,,
2565,10669,0.6807051,,
2565,14369,0.6802755,,
2565,14364,0.6801207,,
2565,10630,0.6799184,,
2565,10592,0.67979366,,
2565,13979,0.6791359,,
2565,4151,0.6787545,,
2565,10637,0.67872334,,
2565,7997,0.6787027,,
2565,12673,0.6785876,,
2565,9509,0.67811966,,
2565,9162,0.67796934,,
2565,4977,0.6777573,,
2565,5522,0.677468,,
2565,10609,0.67701215,,
2565,13951,0.67666423,,
2565,14366,0.6764598,,
2565,8080,0.6760426,,
2565,2040,0.6756688,,
2565,8156,0.67561406,,
2565,4680,0.6755626,,
2565,13241,0.67540365,,
2565,12951,0.6748383,,
2565,10638,0.67438227,,
2565,8077,0.6741502,,
2565,4922,0.67394346,,
2565,10612,0.6738378,,
2565,10600,0.67342126,,
2565,10701,0.6732662,,
2565,13243,0.67315596,,
2565,7908,0.67285377,,
2565,10624,0.6727723,,
2565,2453,0.6724886,,
2565,12055,0.6724471,,
2565,10610,0.67237645,,
2565,10640,0.6723302,,
2565,11973,0.6722538,,
2565,14399,0.6720947,,
2565,10615,0.6720754,,
2565,4583,0.6719428,,
2565,10659,0.6718923,,
2565,10625,0.67137253,,
2565,6899,0.67094904,,
2565,10599,0.670576,,
2565,526,0.67024773,,
2565,13102,0.67001003,,
2565,10602,0.6696743,,
2565,5314,0.66949993,,
2565,14360,0.6690866,,
2565,14694,0.6684178,,
2565,13185,0.66827816,,
2565,10574,0.66808224,,
2565,10623,0.6680416,,
2565,14193,0.6679199,,
2565,8535,0.6677146,,
2565,10645,0.6676075,,
2565,10697,0.6675997,,
2565,10587,0.66740465,,
2565,14695,0.6672873,,
2565,4741,0.66717994,,
2565,7865,0.66715133,,
2565,10402,0.6670203,,
2565,13087,0.6661386,,
2565,3498,0.6661344,,
2565,13191,0.6657629,,
2565,14361,0.6656984,,
2565,14458,0.6656768,,
2565,3221,0.6656127,,
2565,10620,0.6652319,,
2565,6232,0.6650984,,
2565,13030,0.66491455,,
2565,7527,0.66401654,,
2565,13239,0.66379166,,
2565,10619,0.6637342,,
2565,10597,0.66360384,,
2565,10632,0.6633354,,
2565,5313,0.6630518,,
2565,5447,0.6627366,,
2565,6234,0.6624853,,
2565,1463,0.6623655,,
2565,11972,0.66223323,,
2565,10414,0.6614808,,
2565,10522,0.6614312,,
2565,10647,0.6613984,,
2565,10604,0.6613347,,
2565,6238,0.66126513,,
2565,2531,0.660965,,
2565,2233,0.66088706,,
2565,13624,0.6608845,,
2565,4095,0.6606708,,
2565,10607,0.6604376,,
2565,3397,0.6599278,,
2565,9347,0.65930253,,
2565,13616,0.6592662,,
2565,14359,0.65926415,,
2565,9949,0.6586957,,
2565,10649,0.65845907,,
2565,3564,0.6584092,,
2565,7578,0.65816575,,
2565,10702,0.6580748,,
2565,12513,0.65778065,,
2565,532,0.65745497,,
2565,10634,0.6571378,,
2565,10644,0.6562472,,
2565,6236,0.6560804,,
2565,9343,0.65565026,,
2565,11385,0.65546644,,
2565,7398,0.65543133,,
2565,6239,0.6553564,,
2565,80,0.65531015,,
2565,13936,0.654716,,
2565,12102,0.6541377,,
2565,14688,0.65393394,,
2565,14422,0.6538856,,
2565,2527,0.65352744,,
2565,10668,0.6528817,,
2565,3480,0.65227383,,
2565,12638,0.6520385,,
2565,11388,0.65179926,,
2565,11382,0.651538,,
2565,10519,0.6511787,,
2565,10582,0.6510025,,
2565,13934,0.6505889,,
2565,14022,0.6505636,,
2565,7592,0.65005374,,
2565,12636,0.6497154,,
2565,10594,0.64964706,,
2565,12874,0.6494392,,
2565,11134,0.64942396,,
2565,5114,0.64860857,,
2565,527,0.648587,,
2565,8030,0.64842385,,
2565,4659,0.64829844,,
2565,13234,0.647811,,
2565,7434,0.6474371,,
2565,6311,0.6472685,,
2565,3943,0.6471671,,
2565,11324,0.6467993,,
2565,6219,0.6465692,,
2565,10678,0.64613587,,
2565,6334,0.64579386,,
2565,11378,0.64549094,,
2565,10758,0.64527714,,
2565,12085,0.64488375,,
2565,14722,0.64480424,,
2565,7931,0.6447407,,
2565,11538,0.6445731,,
2565,6217,0.6444419,,
2565,13238,0.64414704,,
2565,13242,0.64413315,,
2565,14019,0.64387673,,
2565,13612,0.6438214,,
2565,7907,0.6436093,,
2565,11386,0.6433676,,
2565,10757,0.64325696,,
2565,13071,0.6431331,,
2565,13090,0.6430994,,
2565,2303,0.6427855,,
2565,7579,0.6426452,,
2565,8956,0.6421645,,
2565,11513,0.64196765,,
2565,7521,0.64188397,,
2565,13617,0.6417118,,
2565,13620,0.64162356,,
2565,88,0.64161336,,
2565,11316,0.64117575,,
2565,7863,0.6411465,,
2565,13237,0.64080536,,
2565,2036,0.64069223,,
2565,11032,0.64047664,,
2565,3942,0.6399658,,
2565,10520,0.6393305,,
2565,8092,0.6390766,,
2565,5400,0.6390512,,
2565,7911,0.6389826,,
2565,7593,0.63852686,,
2565,11383,0.6383518,,
2565,4063,0.6383393,,
2565,10816,0.638322,,
2565,7864,0.6380583,,
2565,3627,0.63800544,,
2565,7862,0.63793516,,
2565,13937,0.6369407,,
2565,11381,0.6367839,,
2565,531,0.6367447,,
2565,13614,0.6358495,,
2565,11083,0.63561314,,
2565,12101,0.6356086,,
2565,13235,0.6355236,,
2565,4093,0.63537204,,
2565,4590,0.63429797,,
2565,3467,0.634186,,
2565,3622,0.6337275,,
2565,14685,0.63302606,,
2565,3424,0.63297856,,
2565,176,0.6328941,,
2565,10589,0.63284045,,
2565,694,0.63217586,,
2565,12876,0.63185567,,
2565,11384,0.6318543,,
2565,9342,0.6317345,,
2565,13618,0.63161147,,
2565,10814,0.631368,,
2565,9337,0.6306905,,
2565,7909,0.63042337,,
2565,13615,0.63038284,,
2565,7673,0.630161,,
2565,2509,0.6300827,,
2565,13236,0.62937033,,
2565,8198,0.6292789,,
2565,13904,0.6292097,,
2565,3499,0.6289741,,
2565,12580,0.6284958,,
2565,10577,0.62803257,,
2565,7910,0.6279009,,
2565,2379,0.6275568,,
2565,14690,0.6265582,,
2565,7860,0.62635094,,
2565,8533,0.62633204,,
2565,13933,0.6259341,,
2565,13619,0.6257729,,
2565,11216,0.62568456,,
2565,11512,0.62537026,,
2565,13088,0.62534076,,
2565,11377,0.6245137,,
2565,5009,0.62444913,,
2565,6710,0.6243973,,
2565,10564,0.62428457,,
2565,530,0.62389463,,
2565,1450,0.6237526,,
2565,11387,0.6234852,,
2565,9370,0.6233399,,
2565,8197,0.6229411,,
2565,14374,0.62267077,,
2565,14686,0.6223594,,
2565,3327,0.6217079,,
2565,7595,0.6216038,,
2565,9270,0.6211798,,
2565,11376,0.6208012,,
2565,14691,0.62039685,,
2565,10815,0.62020904,,
2565,2426,0.6200793,,
2565,5519,0.62000287,,
2565,2377,0.61999404,,
2565,7674,0.6194523,,
2565,3494,0.61932755,,
2565,13453,0.6193003,,
2565,7594,0.619204,,
2565,13613,0.6191919,,
2565,12914,0.61916494,,
2565,11473,0.6190544,,
2565,9950,0.6190451,,
2565,6676,0.6186427,,
2565,2374,0.6173461,,
2565,14370,0.6170636,,
2565,9341,0.61625785,,
2565,13240,0.61625105,,
2565,11379,0.61612725,,
2565,13912,0.61604536,,
2565,13144,0.61568475,,
2565,14764,0.6151392,,
2565,13918,0.61471397,,
2565,10683,0.61436874,,
2565,14689,0.6141227,,
2565,14781,0.61395377,,
2565,2489,0.6134336,,
2565,2376,0.61239696,,
2565,14375,0.611619,,
2565,2410,0.61142904,,
2565,7934,0.61137366,,
2565,14020,0.61073834,,
2565,6722,0.6107127,,
2565,11537,0.6099215,,
2565,13831,0.6084152,,
2565,13931,0.6077345,,
2565,9338,0.6076034,,
2565,8427,0.60747147,,
2565,3497,0.606776,,
2565,4663,0.6062956,,
2565,1466,0.60622007,,
2565,3624,0.6059926,,
2565,14839,0.6053575,,
2565,6240,0.6042706,,
2565,11362,0.60411286,,
2565,5304,0.60409015,,
2565,6230,0.6034139,,
2565,4607,0.60331684,,
2565,10676,0.6033068,,
2565,7869,0.60284925,,
2565,14767,0.6024598,,
2565,4927,0.60156685,,
2565,13919,0.6012801,,
2565,14687,0.60113335,,
2565,6763,0.6007377,,
2565,10521,0.60065573,,
2565,14692,0.600256,,
2565,11949,0.59986603,,
2565,6724,0.5997599,,
2565,7679,0.59885144,,
2565,2378,0.5987501,,
2565,191,0.5969971,,
2565,6755,0.5964351,,
2565,5010,0.59590304,,
2565,10684,0.59579706,,
2565,7867,0.59509176,,
2565,12100,0.5945616,,
2565,2478,0.59453946,,
2565,3905,0.59437335,,
2565,4001,0.593961,,
2565,12106,0.59381974,,
2565,10575,0.5930364,,
2565,10570,0.5924648,,
2565,12105,0.5917016,,
2565,6892,0.591448,,
2565,10378,0.5914157,,
2565,4377,0.59103894,,
2565,7873,0.5904697,,
2565,11971,0.5903129,,
2565,4606,0.5899945,,
2565,13231,0.58984685,,
2565,7482,0.5891827,,
2565,7647,0.58796394,,
2565,11361,0.5876813,,
2565,14684,0.5876082,,
2565,8199,0.58723205,,
2565,10685,0.5858798,,
2565,192,0.58574957,,
2565,3620,0.5849877,,
2565,2511,0.58458173,,
2565,6686,0.5843446,,
2565,184,0.5838468,,
2565,11979,0.5836953,,
2565,14192,0.58336186,,
2565,10565,0.5832436,,
2565,2508,0.582131,,
2565,7446,0.5820465,,
2565,82,0.58161443,,
2565,13681,0.58126086,,
2565,12657,0.5811755,,
2565,11136,0.5810002,,
2565,11090,0.5806427,,
2565,7961,0.58029354,,
2565,13678,0.5802143,,
2565,10681,0.5798991,,
2565,8428,0.57980144,,
2565,187,0.5779383,,
2565,7933,0.5772584,,
2565,3415,0.57723725,,
2565,3496,0.5769749,,
2565,4943,0.576865,,
2565,13679,0.5768645,,
2565,10682,0.57658994,,
2565,8447,0.5763578,,
2565,2505,0.5762202,,
2565,13442,0.5760367,,
2565,3320,0.5757532,,
2565,7874,0.57573164,,
2565,14372,0.5755114,,
2565,12536,0.5749424,,
2565,11221,0.574557,,
2565,12011,0.5742923,,
2565,10493,0.5741769,,
2565,11211,0.57363087,,
2565,11360,0.573458,,
2565,8531,0.5731833,,
2565,14765,0.57288057,,
2565,10906,0.5727576,,
2565,13660,0.5724959,,
2565,3746,0.57208705,,
2565,8538,0.571866,,
2565,5008,0.5717586,,
2565,78,0.57163966,,
2565,2375,0.57142556,,
2565,3623,0.5703087,,
2565,2504,0.56969005,,
2565,12001,0.5690736,,
2565,3495,0.56893265,,
2565,2492,0.5677082,,
2565,12044,0.56703544,,
2565,2515,0.56698817,,
2565,183,0.5669413,,
2565,3780,0.56663066,,
2565,11146,0.56637955,,
2565,8537,0.5662311,,
2565,6897,0.5661251,,
2565,10680,0.5659689,,
2565,7871,0.5655642,,
2565,4503,0.5650759,,
2565,14373,0.5648617,,
2565,178,0.5646222,,
2565,3384,0.5645826,,
2565,4068,0.56427443,,
2565,2514,0.5641923,,
2565,14371,0.5640518,,
2565,8536,0.5638627,,
2565,4800,0.56298155,,
2565,10573,0.56276166,,
2565,13454,0.56214136,,
2565,13145,0.5605497,,
2565,12003,0.5598507,,
2565,4266,0.5598427,,
2565,2510,0.5593367,,
2565,12006,0.558653,,
2565,9157,0.55863875,,
2565,6887,0.5586112,,
2565,190,0.55859095,,
2565,13680,0.5583049,,
2565,13284,0.558214,,
2565,10675,0.557792,,
2565,8534,0.55767,,
2565,5279,0.5576556,,
2565,6895,0.5565574,,
2565,10563,0.55609125,,
2565,3626,0.55586934,,
2565,6890,0.5554774,,
2565,10733,0.5548919,,
2565,6691,0.5542431,,
2565,3973,0.55351806,,
2565,1529,0.55283725,,
2565,3621,0.55282235,,
2565,11199,0.5519088,,
2565,14721,0.55147123,,
2565,180,0.55059135,,
2565,11226,0.5502825,,
2565,11539,0.5493071,,
2565,10677,0.5489238,,
2565,3618,0.54856807,,
2565,6696,0.5480535,,
2565,11132,0.5480167,,
2565,11196,0.546607,,
2565,14726,0.5465702,,
2565,13279,0.54646987,,
2565,11089,0.545955,,
2565,179,0.5456678,,
2565,11989,0.5451426,,
2565,13273,0.54508173,,
2565,3500,0.5441713,,
2565,6919,0.544159,,
2565,10687,0.5435194,,
2565,11201,0.5432731,,
2565,4118,0.5432606,,
2565,7870,0.54325473,,
2565,12013,0.542176,,
2565,7607,0.54119885,,
2565,2503,0.5410474,,
2565,9339,0.54042286,,
2565,13911,0.53999394,,
2565,2482,0.53992265,,
2565,6873,0.5393296,,
2565,9188,0.5391511,,
2565,11964,0.53895825,,
2565,11194,0.53891635,,
2565,11948,0.53837496,,
2565,12008,0.5378247,,
2565,175,0.5372511,,
2565,8434,0.5370364,,
2565,4964,0.5368641,,
2565,4508,0.5358108,,
2565,11999,0.53538036,,
2565,3741,0.5345773,,
2565,9544,0.5345508,,
2565,4022,0.5342437,,
2565,11210,0.53421897,,
2565,12908,0.53420746,,
2565,13085,0.53370506,,
2565,8828,0.53343433,,
2565,11161,0.5333626,,
2565,7442,0.5332552,,
2565,10735,0.5331437,,
2565,11968,0.5330263,,
2565,13143,0.5330005,,
2565,10731,0.5329124,,
2565,3207,0.5326884,,
2565,13156,0.5318079,,
2565,8918,0.5317623,,
2565,13362,0.53112817,,
2565,6675,0.5304965,,
2565,13269,0.5302951,,
2565,2484,0.5302385,,
2565,11166,0.5284398,,
2565,12009,0.52792466,,
2565,11997,0.5278639,,
2565,11151,0.5274361,,
2565,6889,0.52672374,,
2565,7958,0.52655584,,
2565,13364,0.5264773,,
2565,12004,0.5260259,,
2565,6701,0.52563965,,
2565,13283,0.52535814,,
2565,1528,0.52469665,,
2565,12909,0.52463245,,
2565,1551,0.5245908,,
2565,181,0.52454066,,
2565,7620,0.524191,,
2565,12010,0.52389765,,
2565,10704,0.5237349,,
2565,10905,0.52245635,,
2565,2496,0.52218544,,
2565,13268,0.5217951,,
2565,6893,0.52179474,,
2565,13363,0.5210873,,
2565,12907,0.5207298,,
2565,13274,0.5199955,,
2565,11189,0.51991004,,
2565,6698,0.5194639,,
2565,9556,0.5194184,,
2565,13914,0.5191469,,
2565,6279,0.5188659,,
2565,12910,0.5185032,,
2565,12005,0.5167503,,
2565,8855,0.516374,,
2565,13277,0.51470673,,
2565,13278,0.51414746,,
2565,7872,0.5131986,,
2565,6688,0.5122202,,
2565,6894,0.512122,,
2565,11882,0.5121038,,
2565,2493,0.5119332,,
2565,13281,0.51187956,,
2565,11992,0.5117235,,
2565,11222,0.511347,,
2565,3911,0.51124704,,
2565,9014,0.5110732,,
2565,10376,0.5096538,,
2565,11227,0.50962603,,
2565,12579,0.5094215,,
2565,2362,0.5092992,,
2565,2500,0.50894654,,
2565,12007,0.50879604,,
2565,13436,0.50832987,,
2565,10734,0.50813776,,
2565,9274,0.5078381,,
2565,6677,0.5074646,,
2565,13271,0.50733304,,
2565,13272,0.50725716,,
2565,10566,0.507117,,
2565,13270,0.50645703,,
2565,11998,0.50635815,,
2565,13282,0.506264,,
2565,11147,0.50606024,,
2565,632,0.5059287,,
2565,4122,0.5054618,,
2565,13276,0.5052741,,
2565,6901,0.5052706,,
2565,6700,0.5046637,,
2565,8842,0.5046295,,
2565,15082,0.50372666,,
2565,11990,0.50345314,,
2565,9142,0.5028398,,
2565,10390,0.5026099,,
2565,6898,0.502602,,
2565,2474,0.5024932,,
2565,12012,0.50206935,,
2565,11988,0.501678,,
2565,3900,0.50163436,,
2565,3869,0.5013042,,
2565,8869,0.5012538,,
2565,12289,0.5012469,,
2565,2502,0.5012116,,
2565,11149,0.5003256,,
2565,12589,0.4997228,,
2565,13266,0.49863872,,
2565,11164,0.49798188,,
2565,2513,0.49784368,,
2565,2512,0.49774045,,
2565,11141,0.49773273,,
2565,13435,0.4975925,,
2565,3876,0.49719673,,
2565,10377,0.49695504,,
2565,11881,0.4964096,,
2565,3210,0.49639428,,
2565,5453,0.49620602,,
2565,11171,0.4960484,,
2565,11159,0.4957835,,
2565,12002,0.4954916,,
2565,11154,0.49530804,,
2565,13275,0.49505854,,
2565,6684,0.49474975,,
2565,8830,0.49462864,,
2565,8840,0.4939756,,
2565,9269,0.49349472,,
2565,11144,0.49310207,,
2565,4322,0.49282542,,
2565,9035,0.49176505,,
2565,11184,0.49133918,,
2565,14724,0.49124533,,
2565,13285,0.49120244,,
2565,2481,0.4910472,,
2565,3926,0.49018043,,
2565,6689,0.49004075,,
2565,11195,0.4887265,,
2565,10379,0.48868182,,
2565,2486,0.48859546,,
2565,13267,0.48815656,,
2565,5489,0.4880457,,
2565,11179,0.48748106,,
2565,13280,0.48643288,,
2565,11198,0.48560604,,
2565,9192,0.48559207,,
2565,11217,0.48534107,,
2565,4805,0.48444006,,
2565,3775,0.4844267,,
2565,11186,0.4842163,,
2565,11169,0.4833283,,
2565,6280,0.482884,,
2565,3209,0.48283595,,
2565,11181,0.48242134,,
2565,6540,0.4819294,,
2565,6694,0.48169565,,
2565,3886,0.48166806,,
2565,5272,0.4809389,,
2565,3860,0.48076525,,
2565,3921,0.48075426,,
2565,11156,0.48035812,,
2565,9172,0.48027733,,
2565,4536,0.4802053,,
2565,9083,0.47979128,,
2565,10811,0.47971213,,
2565,11197,0.4796374,,
2565,4971,0.4795724,,
2565,11225,0.47944,,
2565,6692,0.47941,,
2565,13100,0.4792976,,
2565,3205,0.47918,,
2565,8420,0.4789353,,
2565,2488,0.47872192,,
2565,5307,0.477956,,
2565,9130,0.47698408,,
2565,2475,0.47677097,,
2565,8872,0.4766063,,
2565,13110,0.47609755,,
2565,9028,0.47604948,,
2565,11220,0.4759676,,
2565,9137,0.47573486,,
2565,11165,0.47542945,,
2565,8825,0.47529215,,
2565,4018,0.47489312,,
2565,8928,0.47478917,,
2565,11155,0.47339642,,
2565,9147,0.47310933,,
2565,9173,0.47308597,,
2565,5365,0.47293735,,
2565,11224,0.47292915,,
2565,15215,0.4727335,,
2565,7756,0.4727317,,
2565,3901,0.47270536,,
2565,3892,0.47266933,,
2565,13095,0.47215277,,
2565,9255,0.4721434,,
2565,11174,0.47195816,,
2565,7483,0.47194657,,
2565,6690,0.47186023,,
2565,7474,0.4713165,,
2565,9196,0.4712223,,
2565,8795,0.47098088,,
2565,7511,0.47068503,,
2565,8820,0.4706583,,
2565,2487,0.47036815,,
2565,11187,0.47029456,,
2565,9021,0.47024202,,
2565,3936,0.4700701,,
2565,8912,0.46993756,,
2565,3374,0.46985057,,
2565,2491,0.46976995,,
2565,3889,0.46967077,,
2565,11200,0.46946573,,
2565,3899,0.4694468,,
2565,11205,0.4691102,,
2565,8996,0.46893725,,
2565,6891,0.46845025,,
2565,11350,0.4683846,,
2565,9167,0.46824107,,
2565,11150,0.4679904,,
2565,13112,0.46791825,,
2565,13105,0.46706927,,
2565,9050,0.4669923,,
2565,7526,0.46690464,,
2565,13905,0.46688053,,
2565,8793,0.4667924,,
2565,9149,0.46662468,,
2565,9178,0.4664367,,
2565,3913,0.4664008,,
2565,2501,0.46632743,,
2565,11178,0.46626285,,
2565,11207,0.46624482,,
2565,3572,0.4661851,,
2565,3919,0.46582282,,
2565,9168,0.46579674,,
2565,11191,0.46566024,,
2565,9204,0.46522513,,
2565,12905,0.46510598,,
2565,9208,0.46491042,,
2565,11190,0.46457332,,
2565,11140,0.46456584,,
2565,9078,0.4645308,,
2565,8827,0.46451917,,
2565,8812,0.46420276,,
2565,11142,0.46403232,,
2565,8989,0.46370548,,
2565,9213,0.46369448,,
2565,5501,0.4636368,,
2565,11185,0.46354136,,
2565,9120,0.46351966,,
2565,9039,0.46349385,,
2565,3211,0.46343148,,
2565,7701,0.46342447,,
2565,10497,0.4632388,,
2565,12577,0.462869,,
2565,9055,0.46272907,,
2565,8807,0.46262872,,
2565,8778,0.46237117,,
2565,3927,0.46231884,,
2565,9205,0.46230453,,
2565,11176,0.46215907,,
2565,8898,0.46215278,,
2565,9045,0.46200833,,
2565,13113,0.46161225,,
2565,9115,0.460485,,
2565,1530,0.46011692,,
2565,14720,0.4601141,,
2565,11157,0.46002704,,
2565,11172,0.4599992,,
2565,8915,0.45990103,,
2565,7648,0.4596218,,
2565,11218,0.45949528,,
2565,3891,0.4594728,,
2565,9038,0.45934466,,
2565,3884,0.45883548,,
2565,11223,0.4585335,,
2565,8759,0.4579551,,
2565,4910,0.4576892,,
2565,9116,0.45765448,,
2565,7543,0.45762643,,
2565,9249,0.45730534,,
2565,9117,0.45701468,,
2565,9111,0.45688143,,
2565,3862,0.45682463,,
2565,7703,0.4566053,,
2565,11170,0.45644152,,
2565,9254,0.456152,,
2565,13099,0.4558904,,
2565,8952,0.45580456,,
2565,11160,0.4557289,,
2565,8797,0.45558065,,
2565,6224,0.45509467,,
2565,13097,0.4550934,,
2565,5450,0.4550433,,
2565,4688,0.4549695,,
2565,9081,0.45491326,,
2565,9110,0.45474377,,
2565,8818,0.45466495,,
2565,9186,0.4546544,,
2565,9005,0.45432785,,
2565,11212,0.45426738,,
2565,9026,0.45420152,,
2565,9190,0.4541579,,
2565,8957,0.4538237,,
2565,9056,0.45367694,,
2565,9215,0.45351028,,
2565,3923,0.45348158,,
2565,11152,0.45336515,,
2565,9191,0.45306417,,
2565,9031,0.4529998,,
2565,11183,0.45246604,,
2565,3744,0.45242447,,
2565,8817,0.45222187,,
2565,9125,0.4521037,,
2565,9200,0.45203173,,
2565,13092,0.45190838,,
2565,3865,0.45186594,,
2565,13094,0.45185453,,
2565,9106,0.45179957,,
2565,9126,0.4513867,,
2565,3893,0.45130908,,
2565,2480,0.45115587,,
2565,13107,0.45101792,,
2565,8991,0.4504383,,
2565,9210,0.45015347,,
2565,5055,0.450064,,
2565,9263,0.44981432,,
2565,9044,0.44969237,,
2565,3897,0.44955823,,
2565,8773,0.44953805,,
2565,8767,0.4492477,,
2565,9057,0.449186,,
2565,8987,0.4491182,,
2565,8878,0.44911593,,
2565,13913,0.44899005,,
2565,11180,0.4489732,,
2565,9218,0.44889602,,
2565,5452,0.44886976,,
2565,9099,0.4486299,,
2565,5403,0.4484668,,
2565,7746,0.44843897,,
2565,8785,0.44821298,,
2565,8929,0.44813868,,
2565,9122,0.4476927,,
2565,11208,0.44756517,,
2565,11175,0.44739893,,
2565,5442,0.4472378,,
2565,9100,0.44706282,,
2565,9250,0.44683003,,
2565,8749,0.44663218,,
2565,9090,0.44646782,,
2565,8829,0.44638446,,
2565,11219,0.44638023,,
2565,11202,0.44632962,,
2565,11177,0.4462743,,
2565,9061,0.44612905,,
2565,9131,0.44594622,,
2565,11158,0.44592863,,
2565,3863,0.44592005,,
2565,8857,0.4459055,,
2565,9225,0.44581297,,
2565,7760,0.44572222,,
2565,5506,0.44563678,,
2565,9183,0.44536802,,
2565,9105,0.44531882,,
2565,8852,0.4451468,,
2565,9156,0.44511792,,
2565,13764,0.4447511,,
2565,8780,0.44466257,,
2565,8876,0.44462085,,
2565,9265,0.44444138,,
2565,8837,0.44439948,,
2565,8761,0.4443179,,
2565,2490,0.44429043,,
2565,8865,0.44373584,,
2565,9052,0.44370332,,
2565,8760,0.44368035,,
2565,11173,0.4436258,,
2565,9275,0.44320464,,
2565,11188,0.44314125,,
2565,8873,0.4431352,,
2565,11167,0.44311047,,
2565,9181,0.4430721,,
2565,9258,0.4430424,,
2565,9102,0.44280574,,
2565,9259,0.44280282,,
2565,8998,0.4426663,,
2565,8590,0.44233888,,
2565,9060,0.4422384,,
2565,9128,0.44222,,
2565,8763,0.4422173,,
2565,5420,0.44217074,,
2565,9214,0.44215697,,
2565,9139,0.44214055,,
2565,9273,0.4421215,,
2565,10375,0.44191718,,
2565,9155,0.44157892,,
2565,6305,0.44157645,,
2565,9174,0.4415728,,
2565,8921,0.4414534,,
2565,9194,0.44134104,,
2565,11209,0.4412772,,
2565,9152,0.44126236,,
2565,9163,0.44123375,,
2565,9189,0.4408343,,
2565,8732,0.44082803,,
2565,9224,0.44073734,,
2565,7448,0.44057885,,
2565,9024,0.44055852,,
2565,8716,0.44053322,,
2565,5445,0.44052178,,
2565,9233,0.44042718,,
2565,8804,0.4402973,,
2565,8766,0.44026804,,
2565,9212,0.4401763,,
2565,4253,0.44016498,,
2565,9216,0.44015303,,
2565,9184,0.4401128,,
2565,9007,0.4400214,,
2565,9089,0.43996635,,
2565,9047,0.4399662,,
2565,9025,0.43981194,,
2565,3915,0.43971744,,
2565,11214,0.43965206,,
2565,13108,0.43942764,,
2565,3920,0.43942392,,
2565,8758,0.43939626,,
2565,3870,0.43929031,,
2565,9198,0.43928617,,
2565,9029,0.43920952,,
2565,9271,0.43912724,,
2565,3874,0.43901244,,
2565,3771,0.43894628,,
2565,8945,0.4389341,,
2565,9068,0.4388562,,
2565,9237,0.43879816,,
2565,9127,0.43873256,,
2565,9072,0.4386894,,
2565,9121,0.43846747,,
2565,8839,0.43810102,,
2565,3873,0.43808722,,
2565,9170,0.43805194,,
2565,9244,0.43804753,,
2565,9065,0.4380256,,
2565,8821,0.437927,,
2565,8847,0.43781018,,
2565,9235,0.43780816,,
2565,9069,0.437796,,
2565,8838,0.43778178,,
2565,6541,0.43775684,,
2565,13114,0.43754047,,
2565,8899,0.43753245,,
2565,8803,0.43746138,,
2565,8870,0.4373925,,
2565,11228,0.4373245,,
2565,9138,0.43727273,,
2565,9051,0.43721506,,
2565,9004,0.43714154,,
2565,8844,0.4369517,,
2565,9135,0.43691584,,
2565,9261,0.4366881,,
2565,11213,0.4366801,,
2565,9095,0.43658933,,
2565,8789,0.43636617,,
2565,9114,0.43633708,,
2565,9080,0.43628162,,
2565,5405,0.43624142,,
2565,9012,0.43616688,,
2565,8977,0.43612534,,
2565,8792,0.43607742,,
2565,9243,0.43590856,,
2565,11162,0.4359058,,
2565,9094,0.4358187,,
2565,10380,0.43580028,,
2565,8764,0.43571746,,
2565,6546,0.43563688,,
2565,9042,0.4354111,,
2565,9003,0.43531176,,
2565,9230,0.43526343,,
2565,9101,0.43512982,,
2565,9252,0.43504977,,
2565,13109,0.4349792,,
2565,9107,0.43482786,,
2565,11163,0.4347553,,
2565,9193,0.43466863,,
2565,9276,0.43455908,,
2565,9002,0.43438056,,
2565,9165,0.43434668,,
2565,3208,0.43429315,,
2565,8881,0.43425372,,
2565,9722,0.43416542,,
2565,9203,0.4340731,,
2565,9257,0.43404686,,
2565,9220,0.43403512,,
2565,8834,0.4338975,,
2565,11203,0.4338744,,
2565,5455,0.4338063,,
2565,9006,0.4337833,,
2565,9232,0.43377215,,
2565,9153,0.43366757,,
2565,11148,0.433516,,
2565,9020,0.4334941,,
2565,9076,0.43331406,,
2565,9073,0.43327025,,
2565,9234,0.4332669,,
2565,4628,0.43324888,,
2565,11143,0.43321416,,
2565,3875,0.43317875,,
2565,9222,0.43316278,,
2565,8972,0.43311238,,
2565,8814,0.4329766,,
2565,9148,0.4328072,,
2565,14723,0.4326733,,
2565,9013,0.43265378,,
2565,13104,0.4326383,,
2565,8981,0.43260375,,
2565,9109,0.43256086,,
2565,9084,0.43248245,,
2565,9016,0.43235055,,
2565,9242,0.43230096,,
2565,9180,0.4322721,,
2565,8853,0.43216312,,
2565,9202,0.43215808,,
2565,9226,0.43202925,,
2565,7458,0.43202326,,
2565,9009,0.43182164,,
2565,8811,0.43178484,,
2565,9179,0.43167666,,
2565,9054,0.43162844,,
2565,9058,0.43162695,,
2565,8788,0.4315717,,
2565,3774,0.43138942,,
2565,6500,0.43131727,,
2565,3887,0.43127272,,
2565,9141,0.43121773,,
2565,9071,0.4311638,,
2565,8874,0.4311365,,
2565,4539,0.43109816,,
2565,3924,0.4310697,,
2565,9253,0.43102655,,
2565,8868,0.43095824,,
2565,9144,0.43073332,,
2565,9228,0.4306101,,
2565,9231,0.4305627,,
2565,9019,0.43054008,,
2565,9070,0.43051958,,
2565,9015,0.43045482,,
2565,9145,0.4304106,,
2565,2056,0.4303894,,
2565,9123,0.4303842,,
2565,9124,0.4303828,,
2565,9033,0.43033725,,
2565,9085,0.4302755,,
2565,9108,0.43016744,,
2565,5121,0.43004933,,
2565,9119,0.43004438,,
2565,9248,0.42981976,,
2565,9098,0.4297423,,
2565,9082,0.42957127,,
2565,9177,0.4295695,,
2565,8933,0.42950758,,
2565,9223,0.42947334,,
2565,8833,0.42934796,,
2565,9227,0.4292345,,
2565,9197,0.42923215,,
2565,3868,0.42920595,,
2565,9023,0.42894778,,
2565,8862,0.4288512,,
2565,8856,0.4287946,,
2565,9074,0.42875278,,
2565,8931,0.4286915,,
2565,3902,0.42869017,,
2565,9001,0.42828184,,
2565,3770,0.42825705,,
2565,9160,0.42812774,,
2565,8787,0.42810306,,
2565,9032,0.42806792,,
2565,11192,0.42795378,,
2565,9075,0.42774323,,
2565,3888,0.42770332,,
2565,8947,0.42768672,,
2565,9236,0.4275482,,
2565,8750,0.42740563,,
2565,9053,0.4273813,,
2565,8813,0.42729852,,
2565,9010,0.42725837,,
2565,9096,0.42725763,,
2565,9229,0.42716137,,
2565,9207,0.42713505,,
2565,9239,0.4270754,,
2565,8850,0.42706692,,
2565,7745,0.42701566,,
2565,9195,0.42699262,,
2565,7747,0.42691576,,
2565,8730,0.42676497,,
2565,9238,0.42672667,,
2565,9277,0.42657086,,
2565,8798,0.4261992,,
2565,2232,0.42574936,,
2565,9161,0.4255465,,
2565,9245,0.42535907,,
2565,8772,0.42535383,,
2565,9140,0.42517462,,
2565,3910,0.42509335,,
2565,11182,0.42509234,,
2565,9272,0.42507097,,
2565,8755,0.42506146,,
2565,8738,0.4250085,,
2565,9064,0.4248592,,
2565,9185,0.42459732,,
2565,9093,0.42458215,,
2565,8908,0.42444277,,
2565,9103,0.42422253,,
2565,8815,0.42413577,,
2565,8914,0.42412227,,
2565,9134,0.42399538,,
2565,8115,0.4235103,,
2565,6641,0.42306638,,
2565,8805,0.4229477,,
2565,9171,0.42292732,,
2565,14725,0.42287686,,
2565,3885,0.42269343,,
2565,8926,0.42250827,,
2565,3890,0.42250147,,
2565,11168,0.42238596,,
2565,9059,0.42206538,,
2565,13761,0.42176324,,
2565,8717,0.4217396,,
2565,8866,0.42163652,,
2565,9112,0.42149934,,
2565,8858,0.42123634,,
2565,9206,0.42121774,,
2565,8824,0.4211674,,
2565,8822,0.42107442,,
2565,8994,0.42099175,,
2565,4406,0.4208178,,
2565,8757,0.42065302,,
2565,9201,0.42025813,,
2565,8816,0.42025462,,
2565,5456,0.41988388,,
2565,3928,0.4198794,,
2565,9067,0.41980457,,
2565,7930,0.4197816,,
2565,8973,0.4196995,,
2565,9087,0.41933098,,
2565,3896,0.41906285,,
2565,8774,0.41906196,,
2565,12578,0.41899064,,
2565,5500,0.4189061,,
2565,3864,0.41887045,,
2565,9150,0.41882798,,
2565,8791,0.4186562,,
2565,9264,0.418481,,
2565,9077,0.4182607,,
2565,9209,0.41825268,,
2565,9256,0.4180558,,
2565,9166,0.41805542,,
2565,8771,0.41795474,,
2565,9164,0.41791132,,
2565,9262,0.41781998,,
2565,9092,0.4178099,,
2565,13917,0.41741863,,
2565,9158,0.41732317,,
2565,4914,0.41722637,,
2565,8859,0.4172155,,
2565,9217,0.41677058,,
2565,3925,0.4166171,,
2565,4706,0.41643995,,
2565,8995,0.41639283,,
2565,8823,0.41607478,,
2565,9241,0.41583726,,
2565,9129,0.41565967,,
2565,8748,0.4156111,,
2565,13098,0.41556278,,
2565,7536,0.41539982,,
2565,11153,0.41536182,,
2565,3964,0.41493422,,
2565,4718,0.4148953,,
2565,5119,0.41486648,,
2565,4538,0.41478938,,
2565,7531,0.41476798,,
2565,8861,0.41471153,,
2565,9104,0.41466296,,
2565,9048,0.414485,,
2565,9211,0.4142688,,
2565,8775,0.41423196,,
2565,9136,0.41383415,,
2565,3576,0.41374254,,
2565,7755,0.4137048,,
2565,13091,0.41367918,,
2565,1580,0.41367617,,
2565,8985,0.41340554,,
2565,9146,0.4133681,,
2565,8917,0.41331035,,
2565,13763,0.413308,,
2565,8781,0.4132172,,
2565,8976,0.4127312,,
2565,13106,0.4117156,,
2565,13093,0.411679,,
2565,3918,0.411614,,
2565,13161,0.41152716,,
2565,9088,0.4114092,,
2565,3871,0.4113946,,
2565,4724,0.41124412,,
2565,13096,0.4111248,,
2565,9049,0.4108693,,
2565,8849,0.41059256,,
2565,9079,0.4105884,,
2565,10651,0.41047812,,
2565,9022,0.41028506,,
2565,3903,0.41002932,,
2565,7935,0.4096939,,
2565,13101,0.40968233,,
2565,9169,0.40946618,,
2565,8986,0.4094656,,
2565,3878,0.40896717,,
2565,7558,0.40893993,,
2565,9182,0.4086926,,
2565,7742,0.4082154,,
2565,9187,0.40818852,,
2565,8883,0.40761745,,
2565,4699,0.40719223,,
2565,9091,0.4067806,,
2565,13160,0.4058327,,
2565,7591,0.40414408,,
2565,13012,0.4034197,,
2565,673,0.40286604,,
2565,7762,0.40231714,,
2565,3370,0.40216774,,
2565,13762,0.40037715,,
2565,7754,0.39869088,,
2565,7740,0.39667502,,
2565,13111,0.3956833,,
2565,11965,0.39549246,,
2565,7590,0.3945352,,
2565,3481,0.3939187,,
2565,3990,0.3926122,,
2565,13916,0.39152333,,
2565,4543,0.39101142,,
2565,4611,0.39075172,,
2565,6548,0.38951856,,
2565,10527,0.3887136,,
2565,4667,0.3885181,,
2565,7552,0.38825703,,
2565,1514,0.38781807,,
2565,7752,0.3876098,,
2565,13004,0.38759634,,
2565,7534,0.38709894,,
2565,13357,0.38694075,,
2565,13915,0.38681227,,
2565,7546,0.38670665,,
2565,7553,0.38428605,,
2565,4905,0.38404688,,
2565,13009,0.3824787,,
2565,4025,0.38244188,,
2565,7557,0.3817747,,
2565,13014,0.38172936,,
2565,7562,0.38104892,,
2565,7555,0.38066086,,
2565,3203,0.38055032,,
2565,13349,0.38053626,,
2565,12603,0.3803909,,
2565,7533,0.37901494,,
2565,7545,0.37890977,,
2565,7560,0.3786368,,
2565,13020,0.37770864,,
2565,7749,0.37691996,,
2565,7554,0.37689555,,
2565,10530,0.37676862,,
2565,7561,0.3766587,,
2565,7748,0.37609136,,
2565,10529,0.37530378,,
2565,3765,0.3751105,,
2565,6934,0.37438244,,
2565,1527,0.3742681,,
2565,13350,0.3737648,,
2565,4957,0.37329915,,
2565,7550,0.3727656,,
2565,7759,0.37272453,,
2565,7750,0.3727216,,
2565,10526,0.37270015,,
2565,7539,0.3709946,,
2565,6916,0.37066248,,
2565,6932,0.37065312,,
2565,7738,0.37041506,,
2565,13007,0.37035704,,
2565,6917,0.370354,,
2565,1518,0.3700778,,
2565,7753,0.36966252,,
2565,6925,0.3696509,,
2565,7559,0.3680834,,
2565,13008,0.36755383,,
2565,6915,0.3664627,,
2565,13005,0.3658286,,
2565,13013,0.36581844,,
2565,6906,0.36580867,,
2565,7544,0.36575523,,
2565,7455,0.36573976,,
2565,7549,0.36563158,,
2565,13366,0.36539266,,
2565,13360,0.36530188,,
2565,7744,0.36455688,,
2565,7537,0.3639591,,
2565,13015,0.36388186,,
2565,10528,0.3638186,,
2565,13010,0.36262327,,
2565,13006,0.36257064,,
2565,3326,0.36238158,,
2565,7524,0.36230338,,
2565,4906,0.36130667,,
2565,7541,0.36101574,,
2565,3404,0.36095983,,
2565,13365,0.35989693,,
2565,9557,0.35974264,,
2565,7743,0.35949096,,
2565,13021,0.35909066,,
2565,7628,0.35829192,,
2565,13016,0.3581982,,
2565,13017,0.35721707,,
2565,1513,0.35647744,,
2565,13011,0.35622552,,
2565,4183,0.35617185,,
2565,13018,0.3558582,,
2565,170,0.35551286,,
2565,7542,0.3552696,,
2565,7761,0.35471264,,
2565,3524,0.35381967,,
2565,1508,0.35221046,,
2565,6903,0.35118774,,
2565,6923,0.34841833,,
2565,6933,0.3479789,,
2565,6928,0.3436396,,
2565,13354,0.34332225,,
2565,6908,0.34153903,,
2565,6918,0.33975637,,
2565,6913,0.33924752,,
2565,6281,0.33639905,,
